Badakhshan;1
Badghis;1
Baghlan;1
Balkh;1
Bamyan;1
Daykundi;1
Farah;1
Faryab;1
Ghazni;1
Ghōr;1
Helmand;1
Herat;1
Jowzjan;1
Kabul;1
Kandahar;1
Kapisa;1
Khost;1
Kunar;1
Kunduz Province;1
Laghman;1
Logar;1
Nangarhar;1
Nimruz;1
Nuristan;1
Paktia;1
Paktika;1
Panjshir;1
Parwan;1
Samangan;1
Sar-e Pol;1
Takhar;1
Urozgan;1
Zabul;1
Berat County;3
Berat District;3
Bulqizë District;3
Delvinë District;3
Devoll District;3
Dibër County;3
Dibër District;3
Durrës County;3
Durrës District;3
Elbasan County;3
Fier County;3
Fier District;3
Gjirokastër County;3
Gjirokastër District;3
Gramsh District;3
Has District;3
Kavajë District;3
Kolonjë District;3
Korçë County;3
Korçë District;3
Krujë District;3
Kuçovë District;3
Kukës County;3
Kukës District;3
Kurbin District;3
Lezhë County;3
Lezhë District;3
Librazhd District;3
Lushnjë District;3
Malësi e Madhe District;3
Mallakastër District;3
Mat District;3
Mirditë District;3
Peqin District;3
Përmet District;3
Pogradec District;3
Pukë District;3
Sarandë District;3
Shkodër County;3
Shkodër District;3
Skrapar District;3
Tepelenë District;3
Tirana County;3
Tirana District;3
Tropojë District;3
Vlorë County;3
Vlorë District;3
Adrar;4
Aïn Defla;4
Aïn Témouchent;4
Algiers;4
Annaba;4
Batna;4
Béchar;4
Béjaïa;4
Béni Abbès;4
Biskra;4
Blida;4
Bordj Baji Mokhtar;4
Bordj Bou Arréridj;4
Bouïra;4
Boumerdès;4
Chlef;4
Constantine;4
Djanet;4
Djelfa;4
El Bayadh;4
El M'ghair;4
El Menia;4
El Oued;4
El Tarf;4
Ghardaïa;4
Guelma;4
Illizi;4
In Guezzam;4
In Salah;4
Jijel;4
Khenchela;4
Laghouat;4
M'Sila;4
Mascara;4
Médéa;4
Mila;4
Mostaganem;4
Naama;4
Oran;4
Ouargla;4
Ouled Djellal;4
Oum El Bouaghi;4
Relizane;4
Saïda;4
Sétif;4
Sidi Bel Abbès;4
Skikda;4
Souk Ahras;4
Tamanghasset;4
Tébessa;4
Tiaret;4
Timimoun;4
Tindouf;4
Tipasa;4
Tissemsilt;4
Tizi Ouzou;4
Tlemcen;4
Touggourt;4
Andorra la Vella;6
Canillo;6
Encamp;6
Escaldes-Engordany;6
La Massana;6
Ordino;6
Sant Julià de Lòria;6
Bengo Province;7
Benguela Province;7
Bié Province;7
Cabinda Province;7
Cuando Cubango Province;7
Cuanza Norte Province;7
Cuanza Sul;7
Cunene Province;7
Huambo Province;7
Huíla Province;7
Luanda Province;7
Lunda Norte Province;7
Lunda Sul Province;7
Malanje Province;7
Moxico Province;7
Uíge Province;7
Zaire Province;7
Barbuda;10
Redonda;10
Saint George Parish;10
Saint John Parish;10
Saint Mary Parish;10
Saint Paul Parish;10
Saint Peter Parish;10
Saint Philip Parish;10
Buenos Aires;11
Catamarca;11
Chaco;11
Chubut;11
Ciudad Autónoma de Buenos Aires;11
Córdoba;11
Corrientes;11
Entre Ríos;11
Formosa;11
Jujuy;11
La Pampa;11
La Rioja;11
Mendoza;11
Misiones;11
Neuquén;11
Río Negro;11
Salta;11
San Juan;11
San Luis;11
Santa Cruz;11
Santa Fe;11
Santiago del Estero;11
Tierra del Fuego;11
Tucumán;11
Aragatsotn Region;12
Ararat Province;12
Armavir Region;12
Gegharkunik Province;12
Kotayk Region;12
Lori Region;12
Shirak Region;12
Syunik Province;12
Tavush Region;12
Vayots Dzor Region;12
Yerevan;12
Australian Capital Territory;14
New South Wales;14
Northern Territory;14
Queensland;14
South Australia;14
Tasmania;14
Victoria;14
Western Australia;14
Burgenland;15
Carinthia;15
Lower Austria;15
Salzburg;15
Styria;15
Tyrol;15
Upper Austria;15
Vienna;15
Vorarlberg;15
Absheron District;16
Agdam District;16
Agdash District;16
Aghjabadi District;16
Agstafa District;16
Agsu District;16
Astara District;16
Babek District;16
Baku;16
Balakan District;16
Barda District;16
Beylagan District;16
Bilasuvar District;16
Dashkasan District;16
Fizuli District;16
Ganja;16
Gədəbəy;16
Gobustan District;16
Goranboy District;16
Goychay;16
Goygol District;16
Hajigabul District;16
Imishli District;16
Ismailli District;16
Jabrayil District;16
Jalilabad District;16
Julfa District;16
Kalbajar District;16
Kangarli District;16
Khachmaz District;16
Khizi District;16
Khojali District;16
Kurdamir District;16
Lachin District;16
Lankaran;16
Lankaran District;16
Lerik District;16
Martuni;16
Masally District;16
Mingachevir;16
Nakhchivan Autonomous Republic;16
Neftchala District;16
Oghuz District;16
Ordubad District;16
Qabala District;16
Qakh District;16
Qazakh District;16
Quba District;16
Qubadli District;16
Qusar District;16
Saatly District;16
Sabirabad District;16
Sadarak District;16
Salyan District;16
Samukh District;16
Shabran District;16
Shahbuz District;16
Shaki;16
Shaki District;16
Shamakhi District;16
Shamkir District;16
Sharur District;16
Shirvan;16
Shusha District;16
Siazan District;16
Sumqayit;16
Tartar District;16
Tovuz District;16
Ujar District;16
Yardymli District;16
Yevlakh;16
Yevlakh District;16
Zangilan District;16
Zaqatala District;16
Zardab District;16
Capital;17
Central;17
Muharraq;17
Northern;17
Southern;17
Bagerhat District;18
Bahadia;18
Bandarban District;18
Barguna District;18
Barisal District;18
Barisal Division;18
Bhola District;18
Bogra District;18
Brahmanbaria District;18
Chandpur District;18
Chapai Nawabganj District;18
Chittagong District;18
Chittagong Division;18
Chuadanga District;18
Comilla District;18
Cox's Bazar District;18
Dhaka District;18
Dhaka Division;18
Dinajpur District;18
Faridpur District;18
Feni District;18
Gaibandha District;18
Gazipur District;18
Gopalganj District;18
Habiganj District;18
Jamalpur District;18
Jessore District;18
Jhalokati District;18
Jhenaidah District;18
Joypurhat District;18
Khagrachari District;18
Khulna District;18
Khulna Division;18
Kishoreganj District;18
Kurigram District;18
Kushtia District;18
Lakshmipur District;18
Lalmonirhat District;18
Madaripur District;18
Meherpur District;18
Moulvibazar District;18
Munshiganj District;18
Mymensingh District;18
Mymensingh Division;18
Naogaon District;18
Narail District;18
Narayanganj District;18
Natore District;18
Netrokona District;18
Nilphamari District;18
Noakhali District;18
Pabna District;18
Panchagarh District;18
Patuakhali District;18
Pirojpur District;18
Rajbari District;18
Rajshahi District;18
Rajshahi Division;18
Rangamati Hill District;18
Rangpur District;18
Rangpur Division;18
Satkhira District;18
Shariatpur District;18
Sherpur District;18
Sirajganj District;18
Sunamganj District;18
Sylhet District;18
Sylhet Division;18
Tangail District;18
Thakurgaon District;18
Christ Church;19
Saint Andrew;19
Saint George;19
Saint James;19
Saint John;19
Saint Joseph;19
Saint Lucy;19
Saint Michael;19
Saint Peter;19
Saint Philip;19
Saint Thomas;19
Brest Region;20
Gomel Region;20
Grodno Region;20
Minsk;20
Minsk Region;20
Mogilev Region;20
Vitebsk Region;20
Antwerp;21
Brussels-Capital Region;21
East Flanders;21
Flanders;21
Flemish Brabant;21
Hainaut;21
Liège;21
Limburg;21
Luxembourg;21
Namur;21
Wallonia;21
Walloon Brabant;21
West Flanders;21
Belize District;22
Cayo District;22
Corozal District;22
Orange Walk District;22
Stann Creek District;22
Toledo District;22
Alibori Department;23
Atakora Department;23
Atlantique Department;23
Borgou Department;23
Collines Department;23
Donga Department;23
Kouffo Department;23
Littoral Department;23
Mono Department;23
Ouémé Department;23
Plateau Department;23
Zou Department;23
Devonshire;24
Hamilton;24
Paget;24
Pembroke;24
Saint George's;24
Sandys;24
Smith's;24
Southampton;24
Warwick;24
Bumthang District;25
Chukha District;25
Dagana District;25
Gasa District;25
Haa District;25
Lhuntse District;25
Mongar District;25
Paro District;25
Pemagatshel District;25
Punakha District;25
Samdrup Jongkhar District;25
Samtse District;25
Sarpang District;25
Thimphu District;25
Trashigang District;25
Trongsa District;25
Tsirang District;25
Wangdue Phodrang District;25
Zhemgang District;25
Beni Department;26
Chuquisaca Department;26
Cochabamba Department;26
La Paz Department;26
Oruro Department;26
Pando Department;26
Potosí Department;26
Santa Cruz Department;26
Tarija Department;26
Bonaire;27
Saba;27
Sint Eustatius;27
Bosnian Podrinje Canton;28
Brčko District;28
Canton 10;28
Central Bosnia Canton;28
Federation of Bosnia and Herzegovina;28
Herzegovina-Neretva Canton;28
Posavina Canton;28
Republika Srpska;28
Sarajevo Canton;28
Tuzla Canton;28
Una-Sana Canton;28
West Herzegovina Canton;28
Zenica-Doboj Canton;28
Central District;29
Ghanzi District;29
Kgalagadi District;29
Kgatleng District;29
Kweneng District;29
Ngamiland;29
North-East District;29
North-West District;29
South-East District;29
Southern District;29
Acre;31
Alagoas;31
Amapá;31
Amazonas;31
Bahia;31
Ceará;31
Distrito Federal;31
Espírito Santo;31
Goiás;31
Maranhão;31
Mato Grosso;31
Mato Grosso do Sul;31
Minas Gerais;31
Pará;31
Paraíba;31
Paraná;31
Pernambuco;31
Piauí;31
Rio de Janeiro;31
Rio Grande do Norte;31
Rio Grande do Sul;31
Rondônia;31
Roraima;31
Santa Catarina;31
São Paulo;31
Sergipe;31
Tocantins;31
Belait District;33
Brunei-Muara District;33
Temburong District;33
Tutong District;33
Blagoevgrad Province;34
Burgas Province;34
Dobrich Province;34
Gabrovo Province;34
Haskovo Province;34
Kardzhali Province;34
Kyustendil Province;34
Lovech Province;34
Montana Province;34
Pazardzhik Province;34
Pernik Province;34
Pleven Province;34
Plovdiv Province;34
Razgrad Province;34
Ruse Province;34
Shumen;34
Silistra Province;34
Sliven Province;34
Smolyan Province;34
Sofia City Province;34
Sofia Province;34
Stara Zagora Province;34
Targovishte Province;34
Varna Province;34
Veliko Tarnovo Province;34
Vidin Province;34
Vratsa Province;34
Yambol Province;34
Balé Province;35
Bam Province;35
Banwa Province;35
Bazèga Province;35
Boucle du Mouhoun Region;35
Bougouriba Province;35
Boulgou;35
Cascades Region;35
Centre;35
Centre-Est Region;35
Centre-Nord Region;35
Centre-Ouest Region;35
Centre-Sud Region;35
Comoé Province;35
Est Region;35
Ganzourgou Province;35
Gnagna Province;35
Gourma Province;35
Hauts-Bassins Region;35
Houet Province;35
Ioba Province;35
Kadiogo Province;35
Kénédougou Province;35
Komondjari Province;35
Kompienga Province;35
Kossi Province;35
Koulpélogo Province;35
Kouritenga Province;35
Kourwéogo Province;35
Léraba Province;35
Loroum Province;35
Mouhoun;35
Nahouri Province;35
Namentenga Province;35
Nayala Province;35
Nord Region, Burkina Faso;35
Noumbiel Province;35
Oubritenga Province;35
Oudalan Province;35
Passoré Province;35
Plateau-Central Region;35
Poni Province;35
Sahel Region;35
Sanguié Province;35
Sanmatenga Province;35
Séno Province;35
Sissili Province;35
Soum Province;35
Sourou Province;35
Sud-Ouest Region;35
Tapoa Province;35
Tuy Province;35
Yagha Province;35
Yatenga Province;35
Ziro Province;35
Zondoma Province;35
Zoundwéogo Province;35
Bubanza Province;36
Bujumbura Mairie Province;36
Bujumbura Rural Province;36
Bururi Province;36
Cankuzo Province;36
Cibitoke Province;36
Gitega Province;36
Karuzi Province;36
Kayanza Province;36
Kirundo Province;36
Makamba Province;36
Muramvya Province;36
Muyinga Province;36
Mwaro Province;36
Ngozi Province;36
Rumonge Province;36
Rutana Province;36
Ruyigi Province;36
Banteay Meanchey;37
Battambang;37
Kampong Cham;37
Kampong Chhnang;37
Kampong Speu;37
Kampong Thom;37
Kampot;37
Kandal;37
Kep;37
Koh Kong;37
Kratie;37
Mondulkiri;37
Oddar Meanchey;37
Pailin;37
Phnom Penh;37
Preah Vihear;37
Prey Veng;37
Pursat;37
Ratanakiri;37
Siem Reap;37
Sihanoukville;37
Stung Treng;37
Svay Rieng;37
Takeo;37
Adamawa;38
Centre;38
East;38
Far North;38
Littoral;38
North;38
Northwest;38
South;38
Southwest;38
West;38
Alberta;39
British Columbia;39
Manitoba;39
New Brunswick;39
Newfoundland and Labrador;39
Northwest Territories;39
Nova Scotia;39
Nunavut;39
Ontario;39
Prince Edward Island;39
Quebec;39
Saskatchewan;39
Yukon;39
Barlavento Islands;40
Boa Vista;40
Brava;40
Maio Municipality;40
Mosteiros;40
Paul;40
Porto Novo;40
Praia;40
Ribeira Brava Municipality;40
Ribeira Grande;40
Ribeira Grande de Santiago;40
Sal;40
Santa Catarina;40
Santa Catarina do Fogo;40
Santa Cruz;40
São Domingos;40
São Filipe;40
São Lourenço dos Órgãos;40
São Miguel;40
São Vicente;40
Sotavento Islands;40
Tarrafal;40
Tarrafal de São Nicolau;40
Bamingui-Bangoran Prefecture;42
Bangui;42
Basse-Kotto Prefecture;42
Haut-Mbomou Prefecture;42
Haute-Kotto Prefecture;42
Kémo Prefecture;42
Lobaye Prefecture;42
Mambéré-Kadéï;42
Mbomou Prefecture;42
Nana-Grébizi Economic Prefecture;42
Nana-Mambéré Prefecture;42
Ombella-M'Poko Prefecture;42
Ouaka Prefecture;42
Ouham Prefecture;42
Ouham-Pendé Prefecture;42
Sangha-Mbaéré;42
Vakaga Prefecture;42
Bahr el Gazel;43
Batha;43
Borkou;43
Chari-Baguirmi;43
Ennedi-Est;43
Ennedi-Ouest;43
Guéra;43
Hadjer-Lamis;43
Kanem;43
Lac;43
Logone Occidental;43
Logone Oriental;43
Mandoul;43
Mayo-Kebbi Est;43
Mayo-Kebbi Ouest;43
Moyen-Chari;43
N'Djamena;43
Ouaddaï;43
Salamat;43
Sila;43
Tandjilé;43
Tibesti;43
Wadi Fira;43
Aisén del General Carlos Ibañez del Campo;44
Antofagasta;44
Arica y Parinacota;44
Atacama;44
Biobío;44
Coquimbo;44
La Araucanía;44
Libertador General Bernardo O'Higgins;44
Los Lagos;44
Los Ríos;44
Magallanes y de la Antártica Chilena;44
Maule;44
Ñuble;44
Región Metropolitana de Santiago;44
Tarapacá;44
Valparaíso;44
Anhui;45
Beijing;45
Chongqing;45
Fujian;45
Gansu;45
Guangdong;45
Guangxi Zhuang;45
Guizhou;45
Hainan;45
Hebei;45
Heilongjiang;45
Henan;45
Hong Kong SAR;45
Hubei;45
Hunan;45
Inner Mongolia;45
Jiangsu;45
Jiangxi;45
Jilin;45
Liaoning;45
Macau SAR;45
Ningxia Huizu;45
Qinghai;45
Shaanxi;45
Shandong;45
Shanghai;45
Shanxi;45
Sichuan;45
Taiwan;45
Tianjin;45
Xinjiang;45
Xizang;45
Yunnan;45
Zhejiang;45
Amazonas;48
Antioquia;48
Arauca;48
Archipiélago de San Andrés, Providencia y Santa Catalina;48
Atlántico;48
Bogotá D.C.;48
Bolívar;48
Boyacá;48
Caldas;48
Caquetá;48
Casanare;48
Cauca;48
Cesar;48
Chocó;48
Córdoba;48
Cundinamarca;48
Guainía;48
Guaviare;48
Huila;48
La Guajira;48
Magdalena;48
Meta;48
Nariño;48
Norte de Santander;48
Putumayo;48
Quindío;48
Risaralda;48
Santander;48
Sucre;48
Tolima;48
Valle del Cauca;48
Vaupés;48
Vichada;48
Anjouan;49
Grande Comore;49
Mohéli;49
Bouenza Department;50
Brazzaville;50
Cuvette Department;50
Cuvette-Ouest Department;50
Kouilou Department;50
Lékoumou Department;50
Likouala Department;50
Niari Department;50
Plateaux Department;50
Pointe-Noire;50
Pool Department;50
Sangha Department;50
Alajuela Province;52
Guanacaste Province;52
Heredia Province;52
Limón Province;52
Provincia de Cartago;52
Puntarenas Province;52
San José Province;52
Abidjan;53
Agnéby;53
Bafing Region;53
Bas-Sassandra District;53
Bas-Sassandra Region;53
Comoé District;53
Denguélé District;53
Denguélé Region;53
Dix-Huit Montagnes;53
Fromager;53
Gôh-Djiboua District;53
Haut-Sassandra;53
Lacs District;53
Lacs Region;53
Lagunes District;53
Lagunes region;53
Marahoué Region;53
Montagnes District;53
Moyen-Cavally;53
Moyen-Comoé;53
N'zi-Comoé;53
Sassandra-Marahoué District;53
Savanes Region;53
Sud-Bandama;53
Sud-Comoé;53
Vallée du Bandama District;53
Vallée du Bandama Region;53
Woroba District;53
Worodougou;53
Yamoussoukro;53
Zanzan Region;53
Bjelovar-Bilogora;54
Brod-Posavina;54
Dubrovnik-Neretva;54
Istria;54
Karlovac;54
Koprivnica-Križevci;54
Krapina-Zagorje;54
Lika-Senj;54
Međimurje;54
Osijek-Baranja;54
Požega-Slavonia;54
Primorje-Gorski Kotar;54
Šibenik-Knin;54
Sisak-Moslavina;54
Split-Dalmatia;54
Varaždin;54
Virovitica-Podravina;54
Vukovar-Syrmia;54
Zadar;54
Zagreb;54
Zagreb;54
Artemisa Province;55
Camagüey Province;55
Ciego de Ávila Province;55
Cienfuegos Province;55
Granma Province;55
Guantánamo Province;55
Havana Province;55
Holguín Province;55
Isla de la Juventud;55
Las Tunas Province;55
Matanzas Province;55
Mayabeque Province;55
Pinar del Río Province;55
Sancti Spíritus Province;55
Santiago de Cuba Province;55
Villa Clara Province;55
Famagusta District (Mağusa);57
Kyrenia District (Keryneia);57
Larnaca District (Larnaka);57
Limassol District (Leymasun);57
Nicosia District (Lefkoşa);57
Paphos District (Pafos);57
Benešov;58
Beroun;58
Blansko;58
Břeclav;58
Brno-město;58
Brno-venkov;58
Bruntál;58
Česká Lípa;58
České Budějovice;58
Český Krumlov;58
Cheb;58
Chomutov;58
Chrudim;58
Děčín;58
Domažlice;58
Frýdek-Místek;58
Havlíčkův Brod;58
Hodonín;58
Hradec Králové;58
Jablonec nad Nisou;58
Jeseník;58
Jičín;58
Jihlava;58
Jihočeský kraj;58
Jihomoravský kraj;58
Jindřichův Hradec;58
Karlovarský kraj;58
Karlovy Vary;58
Karviná;58
Kladno;58
Klatovy;58
Kolín;58
Kraj Vysočina;58
Královéhradecký kraj;58
Kroměříž;58
Kutná Hora;58
Liberec;58
Liberecký kraj;58
Litoměřice;58
Louny;58
Mělník;58
Mladá Boleslav;58
Moravskoslezský kraj;58
Most;58
Náchod;58
Nový Jičín;58
Nymburk;58
Olomouc;58
Olomoucký kraj;58
Opava;58
Ostrava-město;58
Pardubice;58
Pardubický kraj;58
Pelhřimov;58
Písek;58
Plzeň-jih;58
Plzeň-město;58
Plzeň-sever;58
Plzeňský kraj;58
Prachatice;58
Praha-východ;58
Praha-západ;58
Praha, Hlavní město;58
Přerov;58
Příbram;58
Prostějov;58
Rakovník;58
Rokycany;58
Rychnov nad Kněžnou;58
Semily;58
Sokolov;58
Strakonice;58
Středočeský kraj;58
Šumperk;58
Svitavy;58
Tábor;58
Tachov;58
Teplice;58
Třebíč;58
Trutnov;58
Uherské Hradiště;58
Ústecký kraj;58
Ústí nad Labem;58
Ústí nad Orlicí;58
Vsetín;58
Vyškov;58
Žďár nad Sázavou;58
Zlín;58
Zlínský kraj;58
Znojmo;58
Bas-Uélé;59
Équateur;59
Haut-Katanga;59
Haut-Lomami;59
Haut-Uélé;59
Ituri;59
Kasaï;59
Kasaï Central;59
Kasaï Oriental;59
Kinshasa;59
Kongo Central;59
Kwango;59
Kwilu;59
Lomami;59
Lualaba;59
Mai-Ndombe;59
Maniema;59
Mongala;59
Nord-Kivu;59
Nord-Ubangi;59
Sankuru;59
Sud-Kivu;59
Sud-Ubangi;59
Tanganyika;59
Tshopo;59
Tshuapa;59
Capital Region of Denmark;60
Central Denmark Region;60
North Denmark Region;60
Region of Southern Denmark;60
Region Zealand;60
Ali Sabieh Region;61
Arta Region;61
Dikhil Region;61
Djibouti;61
Obock Region;61
Tadjourah Region;61
Saint Andrew Parish;62
Saint David Parish;62
Saint George Parish;62
Saint John Parish;62
Saint Joseph Parish;62
Saint Luke Parish;62
Saint Mark Parish;62
Saint Patrick Parish;62
Saint Paul Parish;62
Saint Peter Parish;62
Azua Province;63
Baoruco Province;63
Barahona Province;63
Dajabón Province;63
Distrito Nacional;63
Duarte Province;63
El Seibo Province;63
Espaillat Province;63
Hato Mayor Province;63
Hermanas Mirabal Province;63
Independencia;63
La Altagracia Province;63
La Romana Province;63
La Vega Province;63
María Trinidad Sánchez Province;63
Monseñor Nouel Province;63
Monte Cristi Province;63
Monte Plata Province;63
Pedernales Province;63
Peravia Province;63
Puerto Plata Province;63
Samaná Province;63
San Cristóbal Province;63
San José de Ocoa Province;63
San Juan Province;63
San Pedro de Macorís;63
Sánchez Ramírez Province;63
Santiago Province;63
Santiago Rodríguez Province;63
Santo Domingo Province;63
Valverde Province;63
Azuay;64
Bolívar;64
Cañar;64
Carchi;64
Chimborazo;64
Cotopaxi;64
El Oro;64
Esmeraldas;64
Galápagos;64
Guayas;64
Imbabura;64
Loja;64
Los Ríos;64
Manabí;64
Morona-Santiago;64
Napo;64
Orellana;64
Pastaza;64
Pichincha;64
Santa Elena;64
Santo Domingo de los Tsáchilas;64
Sucumbíos;64
Tungurahua;64
Zamora Chinchipe;64
Alexandria;65
Aswan;65
Asyut;65
Beheira;65
Beni Suef;65
Cairo;65
Dakahlia;65
Damietta;65
Faiyum;65
Gharbia;65
Giza;65
Ismailia;65
Kafr el-Sheikh;65
Luxor;65
Matrouh;65
Minya;65
Monufia;65
New Valley;65
North Sinai;65
Port Said;65
Qalyubia;65
Qena;65
Red Sea;65
Sharqia;65
Sohag;65
South Sinai;65
Suez;65
Ahuachapán Department;66
Cabañas Department;66
Chalatenango Department;66
Cuscatlán Department;66
La Libertad Department;66
La Paz Department;66
La Unión Department;66
Morazán Department;66
San Miguel Department;66
San Salvador Department;66
San Vicente Department;66
Santa Ana Department;66
Sonsonate Department;66
Usulután Department;66
Annobón Province;67
Bioko Norte Province;67
Bioko Sur Province;67
Centro Sur Province;67
Insular Region;67
Kié-Ntem Province;67
Litoral Province;67
Río Muni;67
Wele-Nzas Province;67
Anseba Region;68
Debub Region;68
Gash-Barka Region;68
Maekel Region;68
Northern Red Sea Region;68
Southern Red Sea Region;68
Harju County;69
Hiiu County;69
Ida-Viru County;69
Järva County;69
Jõgeva County;69
Lääne County;69
Lääne-Viru County;69
Pärnu County;69
Põlva County;69
Rapla County;69
Saare County;69
Tartu County;69
Valga County;69
Viljandi County;69
Võru County;69
Hhohho District;70
Lubombo District;70
Manzini District;70
Shiselweni District;70
Addis Ababa;71
Afar Region;71
Amhara Region;71
Benishangul-Gumuz Region;71
Dire Dawa;71
Gambela Region;71
Harari Region;71
Oromia Region;71
Somali Region;71
Southern Nations, Nationalities, and Peoples' Region;71
Tigray Region;71
Ba;74
Bua;74
Cakaudrove;74
Central Division;74
Eastern Division;74
Kadavu;74
Lau;74
Lomaiviti;74
Macuata;74
Nadroga-Navosa;74
Naitasiri;74
Namosi;74
Northern Division;74
Ra;74
Rewa;74
Rotuma;74
Serua;74
Tailevu;74
Western Division;74
Åland Islands;75
Central Finland;75
Central Ostrobothnia;75
Finland Proper;75
Kainuu;75
Kymenlaakso;75
Lapland;75
North Karelia;75
Northern Ostrobothnia;75
Northern Savonia;75
Ostrobothnia;75
Päijänne Tavastia;75
Pirkanmaa;75
Satakunta;75
South Karelia;75
Southern Ostrobothnia;75
Southern Savonia;75
Tavastia Proper;75
Uusimaa;75
Ain;76
Aisne;76
Allier;76
Alpes-de-Haute-Provence;76
Alpes-Maritimes;76
Alsace;76
Ardèche;76
Ardennes;76
Ariège;76
Aube;76
Aude;76
Auvergne-Rhône-Alpes;76
Aveyron;76
Bas-Rhin;76
Bouches-du-Rhône;76
Bourgogne-Franche-Comté;76
Bretagne;76
Calvados;76
Cantal;76
Centre-Val de Loire;76
Charente;76
Charente-Maritime;76
Cher;76
Clipperton;76
Corrèze;76
Corse;76
Corse-du-Sud;76
Côte-d'Or;76
Côtes-d'Armor;76
Creuse;76
Deux-Sèvres;76
Dordogne;76
Doubs;76
Drôme;76
Essonne;76
Eure;76
Eure-et-Loir;76
Finistère;76
French Guiana;76
French Polynesia;76
French Southern and Antarctic Lands;76
Gard;76
Gers;76
Gironde;76
Grand-Est;76
Guadeloupe;76
Haut-Rhin;76
Haute-Corse;76
Haute-Garonne;76
Haute-Loire;76
Haute-Marne;76
Haute-Saône;76
Haute-Savoie;76
Haute-Vienne;76
Hautes-Alpes;76
Hautes-Pyrénées;76
Hauts-de-France;76
Hauts-de-Seine;76
Hérault;76
Île-de-France;76
Ille-et-Vilaine;76
Indre;76
Indre-et-Loire;76
Isère;76
Jura;76
La Réunion;76
Landes;76
Loir-et-Cher;76
Loire;76
Loire-Atlantique;76
Loiret;76
Lot;76
Lot-et-Garonne;76
Lozère;76
Maine-et-Loire;76
Manche;76
Marne;76
Martinique;76
Mayenne;76
Mayotte;76
Métropole de Lyon;76
Meurthe-et-Moselle;76
Meuse;76
Morbihan;76
Moselle;76
Nièvre;76
Nord;76
Normandie;76
Nouvelle-Aquitaine;76
Occitanie;76
Oise;76
Orne;76
Paris;76
Pas-de-Calais;76
Pays-de-la-Loire;76
Provence-Alpes-Côte-d’Azur;76
Puy-de-Dôme;76
Pyrénées-Atlantiques;76
Pyrénées-Orientales;76
Rhône;76
Saint Pierre and Miquelon;76
Saint-Barthélemy;76
Saint-Martin;76
Saône-et-Loire;76
Sarthe;76
Savoie;76
Seine-et-Marne;76
Seine-Maritime;76
Seine-Saint-Denis;76
Somme;76
Tarn;76
Tarn-et-Garonne;76
Territoire de Belfort;76
Val-d'Oise;76
Val-de-Marne;76
Var;76
Vaucluse;76
Vendée;76
Vienne;76
Vosges;76
Wallis and Futuna;76
Yonne;76
Yvelines;76
Estuaire Province;80
Haut-Ogooué Province;80
Moyen-Ogooué Province;80
Ngounié Province;80
Nyanga Province;80
Ogooué-Ivindo Province;80
Ogooué-Lolo Province;80
Ogooué-Maritime Province;80
Woleu-Ntem Province;80
Banjul;81
Central River Division;81
Lower River Division;81
North Bank Division;81
Upper River Division;81
West Coast Division;81
Abkhazia;82
Adjara;82
Guria;82
Imereti;82
Kakheti;82
Khelvachauri Municipality;82
Kvemo Kartli;82
Mtskheta-Mtianeti;82
Racha-Lechkhumi and Kvemo Svaneti;82
Samegrelo-Zemo Svaneti;82
Samtskhe-Javakheti;82
Senaki Municipality;82
Shida Kartli;82
Tbilisi;82
Baden-Württemberg;83
Bavaria;83
Berlin;83
Brandenburg;83
Bremen;83
Hamburg;83
Hesse;83
Lower Saxony;83
Mecklenburg-Vorpommern;83
North Rhine-Westphalia;83
Rhineland-Palatinate;83
Saarland;83
Saxony;83
Saxony-Anhalt;83
Schleswig-Holstein;83
Thuringia;83
Ahafo;84
Ashanti;84
Bono;84
Bono East;84
Central;84
Eastern;84
Greater Accra;84
North East;84
Northern;84
Oti;84
Savannah;84
Upper East;84
Upper West;84
Volta;84
Western;84
Western North;84
Achaea Regional Unit;86
Aetolia-Acarnania Regional Unit;86
Arcadia Prefecture;86
Argolis Regional Unit;86
Attica Region;86
Boeotia Regional Unit;86
Central Greece Region;86
Central Macedonia;86
Chania Regional Unit;86
Corfu Prefecture;86
Corinthia Regional Unit;86
Crete Region;86
Drama Regional Unit;86
East Attica Regional Unit;86
East Macedonia and Thrace;86
Epirus Region;86
Euboea;86
Grevena Prefecture;86
Imathia Regional Unit;86
Ioannina Regional Unit;86
Ionian Islands Region;86
Karditsa Regional Unit;86
Kastoria Regional Unit;86
Kefalonia Prefecture;86
Kilkis Regional Unit;86
Kozani Prefecture;86
Laconia;86
Larissa Prefecture;86
Lefkada Regional Unit;86
Pella Regional Unit;86
Peloponnese Region;86
Phthiotis Prefecture;86
Preveza Prefecture;86
Serres Prefecture;86
South Aegean;86
Thessaloniki Regional Unit;86
West Greece Region;86
West Macedonia Region;86
Carriacou and Petite Martinique;88
Saint Andrew Parish;88
Saint David Parish;88
Saint George Parish;88
Saint John Parish;88
Saint Mark Parish;88
Saint Patrick Parish;88
Alta Verapaz Department;91
Baja Verapaz Department;91
Chimaltenango Department;91
Chiquimula Department;91
El Progreso Department;91
Escuintla Department;91
Guatemala Department;91
Huehuetenango Department;91
Izabal Department;91
Jalapa Department;91
Jutiapa Department;91
Petén Department;91
Quetzaltenango Department;91
Quiché Department;91
Retalhuleu Department;91
Sacatepéquez Department;91
San Marcos Department;91
Santa Rosa Department;91
Sololá Department;91
Suchitepéquez Department;91
Totonicapán Department;91
Beyla Prefecture;93
Boffa Prefecture;93
Boké Prefecture;93
Boké Region;93
Conakry;93
Coyah Prefecture;93
Dabola Prefecture;93
Dalaba Prefecture;93
Dinguiraye Prefecture;93
Dubréka Prefecture;93
Faranah Prefecture;93
Forécariah Prefecture;93
Fria Prefecture;93
Gaoual Prefecture;93
Guéckédou Prefecture;93
Kankan Prefecture;93
Kankan Region;93
Kérouané Prefecture;93
Kindia Prefecture;93
Kindia Region;93
Kissidougou Prefecture;93
Koubia Prefecture;93
Koundara Prefecture;93
Kouroussa Prefecture;93
Labé Prefecture;93
Labé Region;93
Lélouma Prefecture;93
Lola Prefecture;93
Macenta Prefecture;93
Mali Prefecture;93
Mamou Prefecture;93
Mamou Region;93
Mandiana Prefecture;93
Nzérékoré Prefecture;93
Nzérékoré Region;93
Pita Prefecture;93
Siguiri Prefecture;93
Télimélé Prefecture;93
Tougué Prefecture;93
Yomou Prefecture;93
Bafatá;94
Biombo Region;94
Bolama Region;94
Cacheu Region;94
Gabú Region;94
Leste Province;94
Norte Province;94
Oio Region;94
Quinara Region;94
Sul Province;94
Tombali Region;94
Barima-Waini;95
Cuyuni-Mazaruni;95
Demerara-Mahaica;95
East Berbice-Corentyne;95
Essequibo Islands-West Demerara;95
Mahaica-Berbice;95
Pomeroon-Supenaam;95
Potaro-Siparuni;95
Upper Demerara-Berbice;95
Upper Takutu-Upper Essequibo;95
Artibonite;96
Centre;96
Grand'Anse;96
Nippes;96
Nord;96
Nord-Est;96
Nord-Ouest;96
Ouest;96
Sud;96
Sud-Est;96
Atlántida Department;98
Bay Islands Department;98
Choluteca Department;98
Colón Department;98
Comayagua Department;98
Copán Department;98
Cortés Department;98
El Paraíso Department;98
Francisco Morazán Department;98
Gracias a Dios Department;98
Intibucá Department;98
La Paz Department;98
Lempira Department;98
Ocotepeque Department;98
Olancho Department;98
Santa Bárbara Department;98
Valle Department;98
Yoro Department;98
Central and Western;99
Eastern;99
Islands;99
Kowloon City;99
Kwai Tsing;99
Kwun Tong;99
North;99
Sai Kung;99
Sha Tin;99
Sham Shui Po;99
Southern;99
Tai Po;99
Tsuen Wan;99
Tuen Mun;99
Wan Chai;99
Wong Tai Sin;99
Yau Tsim Mong;99
Yuen Long;99
Bács-Kiskun;100
Baranya;100
Békés;100
Békéscsaba;100
Borsod-Abaúj-Zemplén;100
Budapest;100
Csongrád County;100
Debrecen;100
Dunaújváros;100
Eger;100
Érd;100
Fejér County;100
Győr;100
Győr-Moson-Sopron County;100
Hajdú-Bihar County;100
Heves County;100
Hódmezővásárhely;100
Jász-Nagykun-Szolnok County;100
Kaposvár;100
Kecskemét;100
Komárom-Esztergom;100
Miskolc;100
Nagykanizsa;100
Nógrád County;100
Nyíregyháza;100
Pécs;100
Pest County;100
Salgótarján;100
Somogy County;100
Sopron;100
Szabolcs-Szatmár-Bereg County;100
Szeged;100
Székesfehérvár;100
Szekszárd;100
Szolnok;100
Szombathely;100
Tatabánya;100
Tolna County;100
Vas County;100
Veszprém;100
Veszprém County;100
Zala County;100
Zalaegerszeg;100
Capital Region;101
Eastern Region;101
Northeastern Region;101
Northwestern Region;101
Southern Peninsula Region;101
Southern Region;101
Western Region;101
Westfjords;101
Andaman and Nicobar Islands;102
Andhra Pradesh;102
Arunachal Pradesh;102
Assam;102
Bihar;102
Chandigarh;102
Chhattisgarh;102
Dadra and Nagar Haveli and Daman and Diu;102
Delhi;102
Goa;102
Gujarat;102
Haryana;102
Himachal Pradesh;102
Jammu and Kashmir;102
Jharkhand;102
Karnataka;102
Kerala;102
Ladakh;102
Lakshadweep;102
Madhya Pradesh;102
Maharashtra;102
Manipur;102
Meghalaya;102
Mizoram;102
Nagaland;102
Odisha;102
Puducherry;102
Punjab;102
Rajasthan;102
Sikkim;102
Tamil Nadu;102
Telangana;102
Tripura;102
Uttar Pradesh;102
Uttarakhand;102
West Bengal;102
Aceh;103
Bali;103
Banten;103
Bengkulu;103
DI Yogyakarta;103
DKI Jakarta;103
Gorontalo;103
Jambi;103
Jawa Barat;103
Jawa Tengah;103
Jawa Timur;103
Kalimantan Barat;103
Kalimantan Selatan;103
Kalimantan Tengah;103
Kalimantan Timur;103
Kalimantan Utara;103
Kepulauan Bangka Belitung;103
Kepulauan Riau;103
Lampung;103
Maluku;103
Maluku Utara;103
Nusa Tenggara Barat;103
Nusa Tenggara Timur;103
Papua;103
Papua Barat;103
Riau;103
Sulawesi Barat;103
Sulawesi Selatan;103
Sulawesi Tengah;103
Sulawesi Tenggara;103
Sulawesi Utara;103
Sumatera Barat;103
Sumatera Selatan;103
Sumatera Utara;103
Alborz;104
Ardabil;104
Bushehr;104
Chaharmahal and Bakhtiari;104
East Azerbaijan;104
Fars;104
Gilan;104
Golestan;104
Hamadan;104
Hormozgan;104
Ilam;104
Isfahan;104
Kerman;104
Kermanshah;104
Khuzestan;104
Kohgiluyeh and Boyer-Ahmad;104
Kurdistan;104
Lorestan;104
Markazi;104
Mazandaran;104
North Khorasan;104
Qazvin;104
Qom;104
Razavi Khorasan;104
Semnan;104
Sistan and Baluchestan;104
South Khorasan;104
Tehran;104
West Azarbaijan;104
Yazd;104
Zanjan;104
Al Anbar;105
Al Muthanna;105
Al-Qādisiyyah;105
Babylon;105
Baghdad;105
Basra;105
Dhi Qar;105
Diyala;105
Dohuk;105
Erbil;105
Karbala;105
Kirkuk;105
Maysan;105
Najaf;105
Nineveh;105
Saladin;105
Sulaymaniyah;105
Wasit;105
Carlow;106
Cavan;106
Clare;106
Connacht;106
Cork;106
Donegal;106
Dublin;106
Galway;106
Kerry;106
Kildare;106
Kilkenny;106
Laois;106
Leinster;106
Limerick;106
Longford;106
Louth;106
Mayo;106
Meath;106
Monaghan;106
Munster;106
Offaly;106
Roscommon;106
Sligo;106
Tipperary;106
Ulster;106
Waterford;106
Westmeath;106
Wexford;106
Wicklow;106
Central District;107
Haifa District;107
Jerusalem District;107
Northern District;107
Southern District;107
Tel Aviv District;107
Abruzzo;108
Agrigento;108
Alessandria;108
Ancona;108
Aosta Valley;108
Apulia;108
Ascoli Piceno;108
Asti;108
Avellino;108
Barletta-Andria-Trani;108
Basilicata;108
Belluno;108
Benevento;108
Bergamo;108
Biella;108
Brescia;108
Brindisi;108
Calabria;108
Caltanissetta;108
Campania;108
Campobasso;108
Caserta;108
Catanzaro;108
Chieti;108
Como;108
Cosenza;108
Cremona;108
Crotone;108
Cuneo;108
Emilia-Romagna;108
Enna;108
Fermo;108
Ferrara;108
Foggia;108
Forlì-Cesena;108
Friuli–Venezia Giulia;108
Frosinone;108
Gorizia;108
Grosseto;108
Imperia;108
Isernia;108
L'Aquila;108
La Spezia;108
Latina;108
Lazio;108
Lecce;108
Lecco;108
Liguria;108
Livorno;108
Lodi;108
Lombardy;108
Lucca;108
Macerata;108
Mantua;108
Marche;108
Massa and Carrara;108
Matera;108
Medio Campidano;108
Modena;108
Molise;108
Monza and Brianza;108
Novara;108
Nuoro;108
Oristano;108
Padua;108
Palermo;108
Parma;108
Pavia;108
Perugia;108
Pesaro and Urbino;108
Pescara;108
Piacenza;108
Piedmont;108
Pisa;108
Pistoia;108
Pordenone;108
Potenza;108
Prato;108
Ragusa;108
Ravenna;108
Reggio Emilia;108
Rieti;108
Rimini;108
Rovigo;108
Salerno;108
Sardinia;108
Sassari;108
Savona;108
Sicily;108
Siena;108
Siracusa;108
Sondrio;108
South Sardinia;108
Taranto;108
Teramo;108
Terni;108
Trapani;108
Trentino-South Tyrol;108
Treviso;108
Trieste;108
Tuscany;108
Udine;108
Umbria;108
Varese;108
Veneto;108
Verbano-Cusio-Ossola;108
Vercelli;108
Verona;108
Vibo Valentia;108
Vicenza;108
Viterbo;108
Clarendon Parish;109
Hanover Parish;109
Kingston Parish;109
Manchester Parish;109
Portland Parish;109
Saint Andrew;109
Saint Ann Parish;109
Saint Catherine Parish;109
Saint Elizabeth Parish;109
Saint James Parish;109
Saint Mary Parish;109
Saint Thomas Parish;109
Trelawny Parish;109
Westmoreland Parish;109
Aichi Prefecture;110
Akita Prefecture;110
Aomori Prefecture;110
Chiba Prefecture;110
Ehime Prefecture;110
Fukui Prefecture;110
Fukuoka Prefecture;110
Fukushima Prefecture;110
Gifu Prefecture;110
Gunma Prefecture;110
Hiroshima Prefecture;110
Hokkaidō Prefecture;110
Hyōgo Prefecture;110
Ibaraki Prefecture;110
Ishikawa Prefecture;110
Iwate Prefecture;110
Kagawa Prefecture;110
Kagoshima Prefecture;110
Kanagawa Prefecture;110
Kōchi Prefecture;110
Kumamoto Prefecture;110
Kyōto Prefecture;110
Mie Prefecture;110
Miyagi Prefecture;110
Miyazaki Prefecture;110
Nagano Prefecture;110
Nagasaki Prefecture;110
Nara Prefecture;110
Niigata Prefecture;110
Ōita Prefecture;110
Okayama Prefecture;110
Okinawa Prefecture;110
Ōsaka Prefecture;110
Saga Prefecture;110
Saitama Prefecture;110
Shiga Prefecture;110
Shimane Prefecture;110
Shizuoka Prefecture;110
Tochigi Prefecture;110
Tokushima Prefecture;110
Tokyo;110
Tottori Prefecture;110
Toyama Prefecture;110
Wakayama Prefecture;110
Yamagata Prefecture;110
Yamaguchi Prefecture;110
Yamanashi Prefecture;110
Ajloun;112
Amman;112
Aqaba;112
Balqa;112
Irbid;112
Jerash;112
Karak;112
Ma'an;112
Madaba;112
Mafraq;112
Tafilah;112
Zarqa;112
Akmola Region;113
Aktobe Region;113
Almaty;113
Almaty Region;113
Atyrau Region;113
Baikonur;113
East Kazakhstan Region;113
Jambyl Region;113
Karaganda Region;113
Kostanay Region;113
Kyzylorda Region;113
Mangystau Region;113
North Kazakhstan Region;113
Nur-Sultan;113
Pavlodar Region;113
Turkestan Region;113
West Kazakhstan Province;113
Baringo;114
Bomet;114
Bungoma;114
Busia;114
Elgeyo-Marakwet;114
Embu;114
Garissa;114
Homa Bay;114
Isiolo;114
Kajiado;114
Kakamega;114
Kericho;114
Kiambu;114
Kilifi;114
Kirinyaga;114
Kisii;114
Kisumu;114
Kitui;114
Kwale;114
Laikipia;114
Lamu;114
Machakos;114
Makueni;114
Mandera;114
Marsabit;114
Meru;114
Migori;114
Mombasa;114
Murang'a;114
Nairobi City;114
Nakuru;114
Nandi;114
Narok;114
Nyamira;114
Nyandarua;114
Nyeri;114
Samburu;114
Siaya;114
Taita–Taveta;114
Tana River;114
Tharaka-Nithi;114
Trans Nzoia;114
Turkana;114
Uasin Gishu;114
Vihiga;114
Wajir;114
West Pokot;114
Gilbert Islands;115
Line Islands;115
Phoenix Islands;115
Đakovica District (Gjakove);116
Gjilan District;116
Kosovska Mitrovica District;116
Peć District;116
Pristina (Priştine);116
Prizren District;116
Uroševac District (Ferizaj);116
Al Ahmadi;117
Al Farwaniyah;117
Al Jahra;117
Capital;117
Hawalli;117
Mubarak Al-Kabeer;117
Batken Region;118
Bishkek;118
Chuy Region;118
Issyk-Kul Region;118
Jalal-Abad Region;118
Naryn Region;118
Osh;118
Osh Region;118
Talas Region;118
Attapeu Province;119
Bokeo Province;119
Bolikhamsai Province;119
Champasak Province;119
Houaphanh Province;119
Khammouane Province;119
Luang Namtha Province;119
Luang Prabang Province;119
Oudomxay Province;119
Phongsaly Province;119
Sainyabuli Province;119
Salavan Province;119
Savannakhet Province;119
Sekong Province;119
Vientiane Prefecture;119
Vientiane Province;119
Xaisomboun;119
Xaisomboun Province;119
Xiangkhouang Province;119
Aglona Municipality;120
Aizkraukle Municipality;120
Aizpute Municipality;120
Aknīste Municipality;120
Aloja Municipality;120
Alsunga Municipality;120
Alūksne Municipality;120
Amata Municipality;120
Ape Municipality;120
Auce Municipality;120
Babīte Municipality;120
Baldone Municipality;120
Baltinava Municipality;120
Balvi Municipality;120
Bauska Municipality;120
Beverīna Municipality;120
Brocēni Municipality;120
Burtnieki Municipality;120
Carnikava Municipality;120
Cēsis Municipality;120
Cesvaine Municipality;120
Cibla Municipality;120
Dagda Municipality;120
Daugavpils;120
Daugavpils Municipality;120
Dobele Municipality;120
Dundaga Municipality;120
Durbe Municipality;120
Engure Municipality;120
Ērgļi Municipality;120
Garkalne Municipality;120
Grobiņa Municipality;120
Gulbene Municipality;120
Iecava Municipality;120
Ikšķile Municipality;120
Ilūkste Municipality;120
Inčukalns Municipality;120
Jaunjelgava Municipality;120
Jaunpiebalga Municipality;120
Jaunpils Municipality;120
Jēkabpils;120
Jēkabpils Municipality;120
Jelgava;120
Jelgava Municipality;120
Jūrmala;120
Kandava Municipality;120
Kārsava Municipality;120
Ķegums Municipality;120
Ķekava Municipality;120
Kocēni Municipality;120
Koknese Municipality;120
Krāslava Municipality;120
Krimulda Municipality;120
Krustpils Municipality;120
Kuldīga Municipality;120
Lielvārde Municipality;120
Liepāja;120
Līgatne Municipality;120
Limbaži Municipality;120
Līvāni Municipality;120
Lubāna Municipality;120
Ludza Municipality;120
Madona Municipality;120
Mālpils Municipality;120
Mārupe Municipality;120
Mazsalaca Municipality;120
Mērsrags Municipality;120
Naukšēni Municipality;120
Nereta Municipality;120
Nīca Municipality;120
Ogre Municipality;120
Olaine Municipality;120
Ozolnieki Municipality;120
Pārgauja Municipality;120
Pāvilosta Municipality;120
Pļaviņas Municipality;120
Preiļi Municipality;120
Priekule Municipality;120
Priekuļi Municipality;120
Rauna Municipality;120
Rēzekne;120
Rēzekne Municipality;120
Riebiņi Municipality;120
Riga;120
Roja Municipality;120
Ropaži Municipality;120
Rucava Municipality;120
Rugāji Municipality;120
Rūjiena Municipality;120
Rundāle Municipality;120
Sala Municipality;120
Salacgrīva Municipality;120
Salaspils Municipality;120
Saldus Municipality;120
Saulkrasti Municipality;120
Sēja Municipality;120
Sigulda Municipality;120
Skrīveri Municipality;120
Skrunda Municipality;120
Smiltene Municipality;120
Stopiņi Municipality;120
Strenči Municipality;120
Talsi Municipality;120
Tērvete Municipality;120
Tukums Municipality;120
Vaiņode Municipality;120
Valka Municipality;120
Valmiera;120
Varakļāni Municipality;120
Vārkava Municipality;120
Vecpiebalga Municipality;120
Vecumnieki Municipality;120
Ventspils;120
Ventspils Municipality;120
Viesīte Municipality;120
Viļaka Municipality;120
Viļāni Municipality;120
Zilupe Municipality;120
Akkar;121
Baalbek-Hermel;121
Beirut;121
Beqaa;121
Mount Lebanon;121
Nabatieh;121
North;121
South;121
Berea District;122
Butha-Buthe District;122
Leribe District;122
Mafeteng District;122
Maseru District;122
Mohale's Hoek District;122
Mokhotlong District;122
Qacha's Nek District;122
Quthing District;122
Thaba-Tseka District;122
Bomi County;123
Bong County;123
Gbarpolu County;123
Grand Bassa County;123
Grand Cape Mount County;123
Grand Gedeh County;123
Grand Kru County;123
Lofa County;123
Margibi County;123
Maryland County;123
Montserrado County;123
Nimba;123
River Cess County;123
River Gee County;123
Sinoe County;123
Al Wahat District;124
Benghazi;124
Derna District;124
Ghat District;124
Jabal al Akhdar;124
Jabal al Gharbi District;124
Jafara;124
Jufra;124
Kufra District;124
Marj District;124
Misrata District;124
Murqub;124
Murzuq District;124
Nalut District;124
Nuqat al Khams;124
Sabha District;124
Sirte District;124
Tripoli District;124
Wadi al Hayaa District;124
Wadi al Shatii District;124
Zawiya District;124
Balzers;125
Eschen;125
Gamprin;125
Mauren;125
Planken;125
Ruggell;125
Schaan;125
Schellenberg;125
Triesen;125
Triesenberg;125
Vaduz;125
Akmenė District Municipality;126
Alytus City Municipality;126
Alytus County;126
Alytus District Municipality;126
Birštonas Municipality;126
Biržai District Municipality;126
Druskininkai municipality;126
Elektrėnai municipality;126
Ignalina District Municipality;126
Jonava District Municipality;126
Joniškis District Municipality;126
Jurbarkas District Municipality;126
Kaišiadorys District Municipality;126
Kalvarija municipality;126
Kaunas City Municipality;126
Kaunas County;126
Kaunas District Municipality;126
Kazlų Rūda municipality;126
Kėdainiai District Municipality;126
Kelmė District Municipality;126
Klaipeda City Municipality;126
Klaipėda County;126
Klaipėda District Municipality;126
Kretinga District Municipality;126
Kupiškis District Municipality;126
Lazdijai District Municipality;126
Marijampolė County;126
Marijampolė Municipality;126
Mažeikiai District Municipality;126
Molėtai District Municipality;126
Neringa Municipality;126
Pagėgiai municipality;126
Pakruojis District Municipality;126
Palanga City Municipality;126
Panevėžys City Municipality;126
Panevėžys County;126
Panevėžys District Municipality;126
Pasvalys District Municipality;126
Plungė District Municipality;126
Prienai District Municipality;126
Radviliškis District Municipality;126
Raseiniai District Municipality;126
Rietavas municipality;126
Rokiškis District Municipality;126
Šakiai District Municipality;126
Šalčininkai District Municipality;126
Šiauliai City Municipality;126
Šiauliai County;126
Šiauliai District Municipality;126
Šilalė District Municipality;126
Šilutė District Municipality;126
Širvintos District Municipality;126
Skuodas District Municipality;126
Švenčionys District Municipality;126
Tauragė County;126
Tauragė District Municipality;126
Telšiai County;126
Telšiai District Municipality;126
Trakai District Municipality;126
Ukmergė District Municipality;126
Utena County;126
Utena District Municipality;126
Varėna District Municipality;126
Vilkaviškis District Municipality;126
Vilnius City Municipality;126
Vilnius County;126
Vilnius District Municipality;126
Visaginas Municipality;126
Zarasai District Municipality;126
Canton of Capellen;127
Canton of Clervaux;127
Canton of Diekirch;127
Canton of Echternach;127
Canton of Esch-sur-Alzette;127
Canton of Grevenmacher;127
Canton of Luxembourg;127
Canton of Mersch;127
Canton of Redange;127
Canton of Remich;127
Canton of Vianden;127
Canton of Wiltz;127
Diekirch District;127
Grevenmacher District;127
Luxembourg District;127
Antananarivo Province;129
Antsiranana Province;129
Fianarantsoa Province;129
Mahajanga Province;129
Toamasina Province;129
Toliara Province;129
Balaka District;130
Blantyre District;130
Central Region;130
Chikwawa District;130
Chiradzulu District;130
Chitipa district;130
Dedza District;130
Dowa District;130
Karonga District;130
Kasungu District;130
Likoma District;130
Lilongwe District;130
Machinga District;130
Mangochi District;130
Mchinji District;130
Mulanje District;130
Mwanza District;130
Mzimba District;130
Nkhata Bay District;130
Nkhotakota District;130
Northern Region;130
Nsanje District;130
Ntcheu District;130
Ntchisi District;130
Phalombe District;130
Rumphi District;130
Salima District;130
Southern Region;130
Thyolo District;130
Zomba District;130
Johor;131
Kedah;131
Kelantan;131
Kuala Lumpur;131
Labuan;131
Malacca;131
Negeri Sembilan;131
Pahang;131
Penang;131
Perak;131
Perlis;131
Putrajaya;131
Sabah;131
Sarawak;131
Selangor;131
Terengganu;131
Addu Atoll;132
Alif Alif Atoll;132
Alif Dhaal Atoll;132
Central Province;132
Dhaalu Atoll;132
Faafu Atoll;132
Gaafu Alif Atoll;132
Gaafu Dhaalu Atoll;132
Gnaviyani Atoll;132
Haa Alif Atoll;132
Haa Dhaalu Atoll;132
Kaafu Atoll;132
Laamu Atoll;132
Lhaviyani Atoll;132
Malé;132
Meemu Atoll;132
Noonu Atoll;132
North Central Province;132
North Province;132
Raa Atoll;132
Shaviyani Atoll;132
South Central Province;132
South Province;132
Thaa Atoll;132
Upper South Province;132
Vaavu Atoll;132
Bamako;133
Gao Region;133
Kayes Region;133
Kidal Region;133
Koulikoro Region;133
Ménaka Region;133
Mopti Region;133
Ségou Region;133
Sikasso Region;133
Taoudénit Region;133
Tombouctou Region;133
Attard;134
Balzan;134
Birgu;134
Birkirkara;134
Birżebbuġa;134
Cospicua;134
Dingli;134
Fgura;134
Floriana;134
Fontana;134
Għajnsielem;134
Għarb;134
Għargħur;134
Għasri;134
Għaxaq;134
Gudja;134
Gżira;134
Ħamrun;134
Iklin;134
Kalkara;134
Kerċem;134
Kirkop;134
Lija;134
Luqa;134
Marsa;134
Marsaskala;134
Marsaxlokk;134
Mdina;134
Mellieħa;134
Mġarr;134
Mosta;134
Mqabba;134
Msida;134
Mtarfa;134
Munxar;134
Nadur;134
Naxxar;134
Paola;134
Pembroke;134
Pietà;134
Qala;134
Qormi;134
Qrendi;134
Rabat;134
Saint Lawrence;134
San Ġwann;134
Sannat;134
Santa Luċija;134
Santa Venera;134
Senglea;134
Siġġiewi;134
Sliema;134
St. Julian's;134
St. Paul's Bay;134
Swieqi;134
Ta' Xbiex;134
Tarxien;134
Valletta;134
Victoria;134
Xagħra;134
Xewkija;134
Xgħajra;134
Żabbar;134
Żebbuġ Gozo;134
Żebbuġ Malta;134
Żejtun;134
Żurrieq;134
Ralik Chain;136
Ratak Chain;136
Adrar;138
Assaba;138
Brakna;138
Dakhlet Nouadhibou;138
Gorgol;138
Guidimaka;138
Hodh Ech Chargui;138
Hodh El Gharbi;138
Inchiri;138
Nouakchott-Nord;138
Nouakchott-Ouest;138
Nouakchott-Sud;138
Tagant;138
Tiris Zemmour;138
Trarza;138
Agalega Islands;139
Black River;139
Flacq;139
Grand Port;139
Moka;139
Pamplemousses;139
Plaines Wilhems;139
Port Louis;139
Rivière du Rempart;139
Rodrigues Island;139
Saint Brandon Islands;139
Savanne;139
Aguascalientes;141
Baja California;141
Baja California Sur;141
Campeche;141
Chiapas;141
Chihuahua;141
Ciudad de México;141
Coahuila de Zaragoza;141
Colima;141
Durango;141
Estado de México;141
Guanajuato;141
Guerrero;141
Hidalgo;141
Jalisco;141
Michoacán de Ocampo;141
Morelos;141
Nayarit;141
Nuevo León;141
Oaxaca;141
Puebla;141
Querétaro;141
Quintana Roo;141
San Luis Potosí;141
Sinaloa;141
Sonora;141
Tabasco;141
Tamaulipas;141
Tlaxcala;141
Veracruz de Ignacio de la Llave;141
Yucatán;141
Zacatecas;141
Chuuk State;142
Kosrae State;142
Pohnpei State;142
Yap State;142
Anenii Noi District;143
Bălți Municipality;143
Basarabeasca District;143
Bender Municipality;143
Briceni District;143
Cahul District;143
Călărași District;143
Cantemir District;143
Căușeni District;143
Chișinău Municipality;143
Cimișlia District;143
Criuleni District;143
Dondușeni District;143
Drochia District;143
Dubăsari District;143
Edineț District;143
Fălești District;143
Florești District;143
Gagauzia;143
Glodeni District;143
Hîncești District;143
Ialoveni District;143
Nisporeni District;143
Ocnița District;143
Orhei District;143
Rezina District;143
Rîșcani District;143
Sîngerei District;143
Șoldănești District;143
Soroca District;143
Ștefan Vodă District;143
Strășeni District;143
Taraclia District;143
Telenești District;143
Transnistria autonomous territorial unit;143
Ungheni District;143
La Colle;144
La Condamine;144
Moneghetti;144
Arkhangai Province;145
Bayan-Ölgii Province;145
Bayankhongor Province;145
Bulgan Province;145
Darkhan-Uul Province;145
Dornod Province;145
Dornogovi Province;145
Dundgovi Province;145
Govi-Altai Province;145
Govisümber Province;145
Khentii Province;145
Khovd Province;145
Khövsgöl Province;145
Ömnögovi Province;145
Orkhon Province;145
Övörkhangai Province;145
Selenge Province;145
Sükhbaatar Province;145
Töv Province;145
Uvs Province;145
Zavkhan Province;145
Andrijevica Municipality;146
Bar Municipality;146
Berane Municipality;146
Bijelo Polje Municipality;146
Budva Municipality;146
Danilovgrad Municipality;146
Gusinje Municipality;146
Kolašin Municipality;146
Kotor Municipality;146
Mojkovac Municipality;146
Nikšić Municipality;146
Old Royal Capital Cetinje;146
Petnjica Municipality;146
Plav Municipality;146
Pljevlja Municipality;146
Plužine Municipality;146
Podgorica Municipality;146
Rožaje Municipality;146
Šavnik Municipality;146
Tivat Municipality;146
Ulcinj Municipality;146
Žabljak Municipality;146
Agadir-Ida-Ou-Tanane;148
Al Haouz;148
Al Hoceïma;148
Aousserd (EH);148
Assa-Zag (EH-partial);148
Azilal;148
Béni Mellal;148
Béni Mellal-Khénifra;148
Benslimane;148
Berkane;148
Berrechid;148
Boujdour (EH);148
Boulemane;148
Casablanca;148
Casablanca-Settat;148
Chefchaouen;148
Chichaoua;148
Chtouka-Ait Baha;148
Dakhla-Oued Ed-Dahab (EH);148
Drâa-Tafilalet;148
Driouch;148
El Hajeb;148
El Jadida;148
El Kelâa des Sraghna;148
Errachidia;148
Es-Semara (EH-partial);148
Essaouira;148
Fahs-Anjra;148
Fès;148
Fès-Meknès;148
Figuig;148
Fquih Ben Salah;148
Guelmim;148
Guelmim-Oued Noun (EH-partial);148
Guercif;148
Ifrane;148
Inezgane-Ait Melloul;148
Jerada;148
Kénitra;148
Khémisset;148
Khénifra;148
Khouribga;148
L'Oriental;148
Laâyoune (EH);148
Laâyoune-Sakia El Hamra (EH-partial);148
Larache;148
M’diq-Fnideq;148
Marrakech;148
Marrakesh-Safi;148
Médiouna;148
Meknès;148
Midelt;148
Mohammadia;148
Moulay Yacoub;148
Nador;148
Nouaceur;148
Ouarzazate;148
Oued Ed-Dahab (EH);148
Ouezzane;148
Oujda-Angad;148
Rabat;148
Rabat-Salé-Kénitra;148
Rehamna;148
Safi;148
Salé;148
Sefrou;148
Settat;148
Sidi Bennour;148
Sidi Ifni;148
Sidi Kacem;148
Sidi Slimane;148
Skhirate-Témara;148
Souss-Massa;148
Tan-Tan (EH-partial);148
Tanger-Assilah;148
Tanger-Tétouan-Al Hoceïma;148
Taounate;148
Taourirt;148
Tarfaya (EH-partial);148
Taroudannt;148
Tata;148
Taza;148
Tétouan;148
Tinghir;148
Tiznit;148
Youssoufia;148
Zagora;148
Cabo Delgado Province;149
Gaza Province;149
Inhambane Province;149
Manica Province;149
Maputo;149
Maputo Province;149
Nampula Province;149
Niassa Province;149
Sofala Province;149
Tete Province;149
Zambezia Province;149
Ayeyarwady Region;150
Bago;150
Chin State;150
Kachin State;150
Kayah State;150
Kayin State;150
Magway Region;150
Mandalay Region;150
Mon State;150
Naypyidaw Union Territory;150
Rakhine State;150
Sagaing Region;150
Shan State;150
Tanintharyi Region;150
Yangon Region;150
Erongo Region;151
Hardap Region;151
Karas Region;151
Kavango East Region;151
Kavango West Region;151
Khomas Region;151
Kunene Region;151
Ohangwena Region;151
Omaheke Region;151
Omusati Region;151
Oshana Region;151
Oshikoto Region;151
Otjozondjupa Region;151
Zambezi Region;151
Aiwo District;152
Anabar District;152
Anetan District;152
Anibare District;152
Baiti District;152
Boe District;152
Buada District;152
Denigomodu District;152
Ewa District;152
Ijuw District;152
Meneng District;152
Nibok District;152
Uaboe District;152
Yaren District;152
Bagmati Zone;153
Bheri Zone;153
Central Region;153
Dhaulagiri Zone;153
Eastern Development Region;153
Far-Western Development Region;153
Gandaki Zone;153
Janakpur Zone;153
Karnali Zone;153
Kosi Zone;153
Lumbini Zone;153
Mahakali Zone;153
Mechi Zone;153
Mid-Western Region;153
Narayani Zone;153
Rapti Zone;153
Sagarmatha Zone;153
Seti Zone;153
Western Region;153
Bonaire;154
Drenthe;154
Flevoland;154
Friesland;154
Gelderland;154
Groningen;154
Limburg;154
North Brabant;154
North Holland;154
Overijssel;154
Saba;154
Sint Eustatius;154
South Holland;154
Utrecht;154
Zeeland;154
Loyalty Islands Province;155
North Province;155
South Province;155
Auckland Region;156
Bay of Plenty Region;156
Canterbury Region;156
Chatham Islands;156
Gisborne District;156
Hawke's Bay Region;156
Manawatu-Wanganui Region;156
Marlborough Region;156
Nelson Region;156
Northland Region;156
Otago Region;156
Southland Region;156
Taranaki Region;156
Tasman District;156
Waikato Region;156
Wellington Region;156
West Coast Region;156
Boaco;157
Carazo;157
Chinandega;157
Chontales;157
Estelí;157
Granada;157
Jinotega;157
León;157
Madriz;157
Managua;157
Masaya;157
Matagalpa;157
North Caribbean Coast;157
Nueva Segovia;157
Río San Juan;157
Rivas;157
South Caribbean Coast;157
Agadez Region;158
Diffa Region;158
Dosso Region;158
Maradi Region;158
Tahoua Region;158
Tillabéri Region;158
Zinder Region;158
Abia;159
Abuja Federal Capital Territory;159
Adamawa;159
Akwa Ibom;159
Anambra;159
Bauchi;159
Bayelsa;159
Benue;159
Borno;159
Cross River;159
Delta;159
Ebonyi;159
Edo;159
Ekiti;159
Enugu;159
Gombe;159
Imo;159
Jigawa;159
Kaduna;159
Kano;159
Katsina;159
Kebbi;159
Kogi;159
Kwara;159
Lagos;159
Nasarawa;159
Niger;159
Ogun;159
Ondo;159
Osun;159
Oyo;159
Plateau;159
Rivers;159
Sokoto;159
Taraba;159
Yobe;159
Zamfara;159
Chagang Province;162
Kangwon Province;162
North Hamgyong Province;162
North Hwanghae Province;162
North Pyongan Province;162
Pyongyang;162
Rason;162
Ryanggang Province;162
South Hamgyong Province;162
South Hwanghae Province;162
South Pyongan Province;162
Aerodrom Municipality;163
Aračinovo Municipality;163
Berovo Municipality;163
Bitola Municipality;163
Bogdanci Municipality;163
Bogovinje Municipality;163
Bosilovo Municipality;163
Brvenica Municipality;163
Butel Municipality;163
Čair Municipality;163
Čaška Municipality;163
Centar Municipality;163
Centar Župa Municipality;163
Češinovo-Obleševo Municipality;163
Čučer-Sandevo Municipality;163
Debarca Municipality;163
Delčevo Municipality;163
Demir Hisar Municipality;163
Demir Kapija Municipality;163
Dojran Municipality;163
Dolneni Municipality;163
Drugovo Municipality;163
Gazi Baba Municipality;163
Gevgelija Municipality;163
Gjorče Petrov Municipality;163
Gostivar Municipality;163
Gradsko Municipality;163
Greater Skopje;163
Ilinden Municipality;163
Jegunovce Municipality;163
Karbinci;163
Karpoš Municipality;163
Kavadarci Municipality;163
Kičevo Municipality;163
Kisela Voda Municipality;163
Kočani Municipality;163
Konče Municipality;163
Kratovo Municipality;163
Kriva Palanka Municipality;163
Krivogaštani Municipality;163
Kruševo Municipality;163
Kumanovo Municipality;163
Lipkovo Municipality;163
Lozovo Municipality;163
Makedonska Kamenica Municipality;163
Makedonski Brod Municipality;163
Mavrovo and Rostuša Municipality;163
Mogila Municipality;163
Negotino Municipality;163
Novaci Municipality;163
Novo Selo Municipality;163
Ohrid Municipality;163
Oslomej Municipality;163
Pehčevo Municipality;163
Petrovec Municipality;163
Plasnica Municipality;163
Prilep Municipality;163
Probištip Municipality;163
Radoviš Municipality;163
Rankovce Municipality;163
Resen Municipality;163
Rosoman Municipality;163
Saraj Municipality;163
Sopište Municipality;163
Staro Nagoričane Municipality;163
Štip Municipality;163
Struga Municipality;163
Strumica Municipality;163
Studeničani Municipality;163
Šuto Orizari Municipality;163
Sveti Nikole Municipality;163
Tearce Municipality;163
Tetovo Municipality;163
Valandovo Municipality;163
Vasilevo Municipality;163
Veles Municipality;163
Vevčani Municipality;163
Vinica Municipality;163
Vraneštica Municipality;163
Vrapčište Municipality;163
Zajas Municipality;163
Zelenikovo Municipality;163
Želino Municipality;163
Zrnovci Municipality;163
Agder;165
Innlandet;165
Jan Mayen;165
Møre og Romsdal;165
Nordland;165
Oslo;165
Rogaland;165
Svalbard;165
Troms og Finnmark;165
Trøndelag;165
Vestfold og Telemark;165
Vestland;165
Viken;165
Ad Dakhiliyah;166
Ad Dhahirah;166
Al Batinah North;166
Al Batinah Region;166
Al Batinah South;166
Al Buraimi;166
Al Wusta;166
Ash Sharqiyah North;166
Ash Sharqiyah Region;166
Ash Sharqiyah South;166
Dhofar;166
Musandam;166
Muscat;166
Azad Kashmir;167
Balochistan;167
Federally Administered Tribal Areas;167
Gilgit-Baltistan;167
Islamabad Capital Territory;167
Khyber Pakhtunkhwa;167
Punjab;167
Sindh;167
Aimeliik;168
Airai;168
Angaur;168
Hatohobei;168
Kayangel;168
Koror;168
Melekeok;168
Ngaraard;168
Ngarchelong;168
Ngardmau;168
Ngatpang;168
Ngchesar;168
Ngeremlengui;168
Ngiwal;168
Peleliu;168
Sonsorol;168
Bethlehem;169
Deir El Balah;169
Gaza;169
Hebron;169
Jenin;169
Jericho and Al Aghwar;169
Jerusalem;169
Khan Yunis;169
Nablus;169
North Gaza;169
Qalqilya;169
Rafah;169
Ramallah;169
Salfit;169
Tubas;169
Tulkarm;169
Bocas del Toro Province;170
Chiriquí Province;170
Coclé Province;170
Colón Province;170
Darién Province;170
Emberá-Wounaan Comarca;170
Guna Yala;170
Herrera Province;170
Los Santos Province;170
Ngöbe-Buglé Comarca;170
Panamá Oeste Province;170
Panamá Province;170
Veraguas Province;170
Bougainville;171
Central Province;171
Chimbu Province;171
East New Britain;171
Eastern Highlands Province;171
Enga Province;171
Gulf;171
Hela;171
Jiwaka Province;171
Madang Province;171
Manus Province;171
Milne Bay Province;171
Morobe Province;171
New Ireland Province;171
Oro Province;171
Port Moresby;171
Sandaun Province;171
Southern Highlands Province;171
West New Britain Province;171
Western Highlands Province;171
Western Province;171
Alto Paraguay Department;172
Alto Paraná Department;172
Amambay Department;172
Asuncion;172
Boquerón Department;172
Caaguazú;172
Caazapá;172
Canindeyú;172
Central Department;172
Concepción Department;172
Cordillera Department;172
Guairá Department;172
Itapúa;172
Misiones Department;172
Ñeembucú Department;172
Paraguarí Department;172
Presidente Hayes Department;172
San Pedro Department;172
Amazonas;173
Áncash;173
Apurímac;173
Arequipa;173
Ayacucho;173
Cajamarca;173
Callao;173
Cusco;173
Huancavelica;173
Huanuco;173
Ica;173
Junín;173
La Libertad;173
Lambayeque;173
Lima;173
Loreto;173
Madre de Dios;173
Moquegua;173
Pasco;173
Piura;173
Puno;173
San Martín;173
Tacna;173
Tumbes;173
Ucayali;173
Abra;174
Agusan del Norte;174
Agusan del Sur;174
Aklan;174
Albay;174
Antique;174
Apayao;174
Aurora;174
Autonomous Region in Muslim Mindanao;174
Basilan;174
Bataan;174
Batanes;174
Batangas;174
Benguet;174
Bicol;174
Biliran;174
Bohol;174
Bukidnon;174
Bulacan;174
Cagayan;174
Cagayan Valley;174
Calabarzon;174
Camarines Norte;174
Camarines Sur;174
Camiguin;174
Capiz;174
Caraga;174
Catanduanes;174
Cavite;174
Cebu;174
Central Luzon;174
Central Visayas;174
Compostela Valley;174
Cordillera Administrative;174
Cotabato;174
Davao;174
Davao del Norte;174
Davao del Sur;174
Davao Occidental;174
Davao Oriental;174
Dinagat Islands;174
Eastern Samar;174
Eastern Visayas;174
Guimaras;174
Ifugao;174
Ilocos;174
Ilocos Norte;174
Ilocos Sur;174
Iloilo;174
Isabela;174
Kalinga;174
La Union;174
Laguna;174
Lanao del Norte;174
Lanao del Sur;174
Leyte;174
Maguindanao;174
Marinduque;174
Masbate;174
Metro Manila;174
Mimaropa;174
Misamis Occidental;174
Misamis Oriental;174
Mountain Province;174
Negros Occidental;174
Negros Oriental;174
Northern Mindanao;174
Northern Samar;174
Nueva Ecija;174
Nueva Vizcaya;174
Occidental Mindoro;174
Oriental Mindoro;174
Palawan;174
Pampanga;174
Pangasinan;174
Quezon;174
Quirino;174
Rizal;174
Romblon;174
Sarangani;174
Siquijor;174
Soccsksargen;174
Sorsogon;174
South Cotabato;174
Southern Leyte;174
Sultan Kudarat;174
Sulu;174
Surigao del Norte;174
Surigao del Sur;174
Tarlac;174
Tawi-Tawi;174
Western Samar;174
Western Visayas;174
Zambales;174
Zamboanga del Norte;174
Zamboanga del Sur;174
Zamboanga Peninsula;174
Zamboanga Sibugay;174
Greater Poland Voivodeship;176
Kuyavian-Pomeranian Voivodeship;176
Lesser Poland Voivodeship;176
Lower Silesian Voivodeship;176
Lublin Voivodeship;176
Lubusz Voivodeship;176
Łódź Voivodeship;176
Masovian Voivodeship;176
Opole Voivodeship;176
Podkarpackie Voivodeship;176
Podlaskie Voivodeship;176
Pomeranian Voivodeship;176
Silesian Voivodeship;176
Świętokrzyskie Voivodeship;176
Warmian-Masurian Voivodeship;176
West Pomeranian Voivodeship;176
Açores;177
Aveiro;177
Beja;177
Braga;177
Bragança;177
Castelo Branco;177
Coimbra;177
Évora;177
Faro;177
Guarda;177
Leiria;177
Lisbon;177
Madeira;177
Portalegre;177
Porto;177
Santarém;177
Setúbal;177
Viana do Castelo;177
Vila Real;177
Viseu;177
Adjuntas;178
Aguada;178
Aguadilla;178
Aguas Buenas;178
Aibonito;178
Añasco;178
Arecibo;178
Arecibo;178
Arroyo;178
Barceloneta;178
Barranquitas;178
Bayamón;178
Bayamon;178
Cabo Rojo;178
Caguas;178
Caguas;178
Camuy;178
Canóvanas;178
Carolina;178
Carolina;178
Cataño;178
Cayey;178
Ceiba;178
Ciales;178
Cidra;178
Coamo;178
Comerío;178
Corozal;178
Culebra;178
Dorado;178
Fajardo;178
Florida;178
Guánica;178
Guayama;178
Guayanilla;178
Guaynabo;178
Guaynabo;178
Gurabo;178
Hatillo;178
Hormigueros;178
Humacao;178
Isabela;178
Jayuya;178
Juana Díaz;178
Juncos;178
Lajas;178
Lares;178
Las Marías;178
Las Piedras;178
Loíza;178
Luquillo;178
Manatí;178
Maricao;178
Maunabo;178
Mayagüez;178
Mayagüez;178
Moca;178
Morovis;178
Naguabo;178
Naranjito;178
Orocovis;178
Patillas;178
Peñuelas;178
Ponce;178
Ponce;178
Quebradillas;178
Rincón;178
Río Grande;178
Sabana Grande;178
Salinas;178
San Germán;178
San Juan;178
San Juan;178
San Lorenzo;178
San Sebastián;178
Santa Isabel;178
Toa Alta;178
Toa Baja;178
Toa Baja;178
Trujillo Alto;178
Trujillo Alto;178
Utuado;178
Vega Alta;178
Vega Baja;178
Vieques;178
Villalba;178
Yabucoa;178
Yauco;178
Al Daayen;179
Al Khor;179
Al Rayyan Municipality;179
Al Wakrah;179
Al-Shahaniya;179
Doha;179
Madinat ash Shamal;179
Umm Salal Municipality;179
Alba;181
Arad County;181
Arges;181
Bacău County;181
Bihor County;181
Bistrița-Năsăud County;181
Botoșani County;181
Braila;181
Brașov County;181
Bucharest;181
Buzău County;181
Călărași County;181
Caraș-Severin County;181
Cluj County;181
Constanța County;181
Covasna County;181
Dâmbovița County;181
Dolj County;181
Galați County;181
Giurgiu County;181
Gorj County;181
Harghita County;181
Hunedoara County;181
Ialomița County;181
Iași County;181
Ilfov County;181
Maramureș County;181
Mehedinți County;181
Mureș County;181
Neamț County;181
Olt County;181
Prahova County;181
Sălaj County;181
Satu Mare County;181
Sibiu County;181
Suceava County;181
Teleorman County;181
Timiș County;181
Tulcea County;181
Vâlcea County;181
Vaslui County;181
Vrancea County;181
Altai Krai;182
Altai Republic;182
Amur Oblast;182
Arkhangelsk;182
Astrakhan Oblast;182
Belgorod Oblast;182
Bryansk Oblast;182
Chechen Republic;182
Chelyabinsk Oblast;182
Chukotka Autonomous Okrug;182
Chuvash Republic;182
Irkutsk;182
Ivanovo Oblast;182
Jewish Autonomous Oblast;182
Kabardino-Balkar Republic;182
Kaliningrad;182
Kaluga Oblast;182
Kamchatka Krai;182
Karachay-Cherkess Republic;182
Kemerovo Oblast;182
Khabarovsk Krai;182
Khanty-Mansi Autonomous Okrug;182
Kirov Oblast;182
Komi Republic;182
Kostroma Oblast;182
Krasnodar Krai;182
Krasnoyarsk Krai;182
Kurgan Oblast;182
Kursk Oblast;182
Leningrad Oblast;182
Lipetsk Oblast;182
Magadan Oblast;182
Mari El Republic;182
Moscow;182
Moscow Oblast;182
Murmansk Oblast;182
Nenets Autonomous Okrug;182
Nizhny Novgorod Oblast;182
Novgorod Oblast;182
Novosibirsk;182
Omsk Oblast;182
Orenburg Oblast;182
Oryol Oblast;182
Penza Oblast;182
Perm Krai;182
Primorsky Krai;182
Pskov Oblast;182
Republic of Adygea;182
Republic of Bashkortostan;182
Republic of Buryatia;182
Republic of Dagestan;182
Republic of Ingushetia;182
Republic of Kalmykia;182
Republic of Karelia;182
Republic of Khakassia;182
Republic of Mordovia;182
Republic of North Ossetia-Alania;182
Republic of Tatarstan;182
Rostov Oblast;182
Ryazan Oblast;182
Saint Petersburg;182
Sakha Republic;182
Sakhalin;182
Samara Oblast;182
Saratov Oblast;182
Smolensk Oblast;182
Stavropol Krai;182
Sverdlovsk;182
Tambov Oblast;182
Tomsk Oblast;182
Tula Oblast;182
Tuva Republic;182
Tver Oblast;182
Tyumen Oblast;182
Udmurt Republic;182
Ulyanovsk Oblast;182
Vladimir Oblast;182
Volgograd Oblast;182
Vologda Oblast;182
Voronezh Oblast;182
Yamalo-Nenets Autonomous Okrug;182
Yaroslavl Oblast;182
Zabaykalsky Krai;182
Eastern Province;183
Kigali district;183
Northern Province;183
Southern Province;183
Western Province;183
Christ Church Nichola Town Parish;185
Nevis;185
Saint Anne Sandy Point Parish;185
Saint George Gingerland Parish;185
Saint James Windward Parish;185
Saint John Capisterre Parish;185
Saint John Figtree Parish;185
Saint Kitts;185
Saint Mary Cayon Parish;185
Saint Paul Capisterre Parish;185
Saint Paul Charlestown Parish;185
Saint Peter Basseterre Parish;185
Saint Thomas Lowland Parish;185
Saint Thomas Middle Island Parish;185
Trinity Palmetto Point Parish;185
Anse la Raye Quarter;186
Canaries;186
Castries Quarter;186
Choiseul Quarter;186
Dauphin Quarter;186
Dennery Quarter;186
Gros Islet Quarter;186
Laborie Quarter;186
Micoud Quarter;186
Praslin Quarter;186
Soufrière Quarter;186
Vieux Fort Quarter;186
Charlotte Parish;188
Grenadines Parish;188
Saint Andrew Parish;188
Saint David Parish;188
Saint George Parish;188
Saint Patrick Parish;188
A'ana;191
Aiga-i-le-Tai;191
Atua;191
Fa'asaleleaga;191
Gaga'emauga;191
Gaga'ifomauga;191
Palauli;191
Satupa'itea;191
Tuamasaga;191
Va'a-o-Fonoti;191
Vaisigano;191
Acquaviva;192
Borgo Maggiore;192
Chiesanuova;192
Domagnano;192
Faetano;192
Fiorentino;192
Montegiardino;192
San Marino;192
Serravalle;192
Príncipe Province;193
São Tomé Province;193
'Asir;194
Al Bahah;194
Al Jawf;194
Al Madinah;194
Al-Qassim;194
Eastern Province;194
Ha'il;194
Jizan;194
Makkah;194
Najran;194
Northern Borders;194
Riyadh;194
Tabuk;194
Dakar;195
Diourbel Region;195
Fatick;195
Kaffrine;195
Kaolack;195
Kédougou;195
Kolda;195
Louga;195
Matam;195
Saint-Louis;195
Sédhiou;195
Tambacounda Region;195
Thiès Region;195
Ziguinchor;195
Belgrade;196
Bor District;196
Braničevo District;196
Central Banat District;196
Jablanica District;196
Kolubara District;196
Mačva District;196
Moravica District;196
Nišava District;196
North Bačka District;196
North Banat District;196
Pčinja District;196
Pirot District;196
Podunavlje District;196
Pomoravlje District;196
Rasina District;196
Raška District;196
South Bačka District;196
South Banat District;196
Srem District;196
Šumadija District;196
Toplica District;196
Vojvodina;196
West Bačka District;196
Zaječar District;196
Zlatibor District;196
Anse Boileau;197
Anse Royale;197
Anse-aux-Pins;197
Au Cap;197
Baie Lazare;197
Baie Sainte Anne;197
Beau Vallon;197
Bel Air;197
Bel Ombre;197
Cascade;197
Glacis;197
Grand'Anse Mahé;197
Grand'Anse Praslin;197
La Digue;197
La Rivière Anglaise;197
Les Mamelles;197
Mont Buxton;197
Mont Fleuri;197
Plaisance;197
Pointe La Rue;197
Port Glaud;197
Roche Caiman;197
Saint Louis;197
Takamaka;197
Eastern Province;198
Northern Province;198
Southern Province;198
Western Area;198
Central Singapore;199
North East;199
North West;199
South East;199
South West;199
Banská Bystrica Region;201
Bratislava Region;201
Košice Region;201
Nitra Region;201
Prešov Region;201
Trenčín Region;201
Trnava Region;201
Žilina Region;201
Ajdovščina Municipality;202
Ankaran Municipality;202
Beltinci Municipality;202
Benedikt Municipality;202
Bistrica ob Sotli Municipality;202
Bled Municipality;202
Bloke Municipality;202
Bohinj Municipality;202
Borovnica Municipality;202
Bovec Municipality;202
Braslovče Municipality;202
Brda Municipality;202
Brežice Municipality;202
Brezovica Municipality;202
Cankova Municipality;202
Cerklje na Gorenjskem Municipality;202
Cerknica Municipality;202
Cerkno Municipality;202
Cerkvenjak Municipality;202
City Municipality of Celje;202
City Municipality of Novo Mesto;202
Črenšovci Municipality;202
Črna na Koroškem Municipality;202
Črnomelj Municipality;202
Destrnik Municipality;202
Divača Municipality;202
Dobje Municipality;202
Dobrepolje Municipality;202
Dobrna Municipality;202
Dobrova–Polhov Gradec Municipality;202
Dobrovnik Municipality;202
Dol pri Ljubljani Municipality;202
Dolenjske Toplice Municipality;202
Domžale Municipality;202
Dornava Municipality;202
Dravograd Municipality;202
Duplek Municipality;202
Gorenja Vas–Poljane Municipality;202
Gorišnica Municipality;202
Gorje Municipality;202
Gornja Radgona Municipality;202
Gornji Grad Municipality;202
Gornji Petrovci Municipality;202
Grad Municipality;202
Grosuplje Municipality;202
Hajdina Municipality;202
Hoče–Slivnica Municipality;202
Hodoš Municipality;202
Horjul Municipality;202
Hrastnik Municipality;202
Hrpelje–Kozina Municipality;202
Idrija Municipality;202
Ig Municipality;202
Ivančna Gorica Municipality;202
Izola Municipality;202
Jesenice Municipality;202
Jezersko Municipality;202
Juršinci Municipality;202
Kamnik Municipality;202
Kanal ob Soči Municipality;202
Kidričevo Municipality;202
Kobarid Municipality;202
Kobilje Municipality;202
Kočevje Municipality;202
Komen Municipality;202
Komenda Municipality;202
Koper City Municipality;202
Kostanjevica na Krki Municipality;202
Kostel Municipality;202
Kozje Municipality;202
Kranj City Municipality;202
Kranjska Gora Municipality;202
Križevci Municipality;202
Kungota;202
Kuzma Municipality;202
Laško Municipality;202
Lenart Municipality;202
Lendava Municipality;202
Litija Municipality;202
Ljubljana City Municipality;202
Ljubno Municipality;202
Ljutomer Municipality;202
Log–Dragomer Municipality;202
Logatec Municipality;202
Loška Dolina Municipality;202
Loški Potok Municipality;202
Lovrenc na Pohorju Municipality;202
Luče Municipality;202
Lukovica Municipality;202
Majšperk Municipality;202
Makole Municipality;202
Maribor City Municipality;202
Markovci Municipality;202
Medvode Municipality;202
Mengeš Municipality;202
Metlika Municipality;202
Mežica Municipality;202
Miklavž na Dravskem Polju Municipality;202
Miren–Kostanjevica Municipality;202
Mirna Municipality;202
Mirna Peč Municipality;202
Mislinja Municipality;202
Mokronog–Trebelno Municipality;202
Moravče Municipality;202
Moravske Toplice Municipality;202
Mozirje Municipality;202
Municipality of Apače;202
Municipality of Cirkulane;202
Municipality of Ilirska Bistrica;202
Municipality of Krško;202
Municipality of Škofljica;202
Murska Sobota City Municipality;202
Muta Municipality;202
Naklo Municipality;202
Nazarje Municipality;202
Nova Gorica City Municipality;202
Odranci Municipality;202
Oplotnica;202
Ormož Municipality;202
Osilnica Municipality;202
Pesnica Municipality;202
Piran Municipality;202
Pivka Municipality;202
Podčetrtek Municipality;202
Podlehnik Municipality;202
Podvelka Municipality;202
Poljčane Municipality;202
Polzela Municipality;202
Postojna Municipality;202
Prebold Municipality;202
Preddvor Municipality;202
Prevalje Municipality;202
Ptuj City Municipality;202
Puconci Municipality;202
Rače–Fram Municipality;202
Radeče Municipality;202
Radenci Municipality;202
Radlje ob Dravi Municipality;202
Radovljica Municipality;202
Ravne na Koroškem Municipality;202
Razkrižje Municipality;202
Rečica ob Savinji Municipality;202
Renče–Vogrsko Municipality;202
Ribnica Municipality;202
Ribnica na Pohorju Municipality;202
Rogaška Slatina Municipality;202
Rogašovci Municipality;202
Rogatec Municipality;202
Ruše Municipality;202
Šalovci Municipality;202
Selnica ob Dravi Municipality;202
Semič Municipality;202
Šempeter–Vrtojba Municipality;202
Šenčur Municipality;202
Šentilj Municipality;202
Šentjernej Municipality;202
Šentjur Municipality;202
Šentrupert Municipality;202
Sevnica Municipality;202
Sežana Municipality;202
Škocjan Municipality;202
Škofja Loka Municipality;202
Slovenj Gradec City Municipality;202
Slovenska Bistrica Municipality;202
Slovenske Konjice Municipality;202
Šmarje pri Jelšah Municipality;202
Šmarješke Toplice Municipality;202
Šmartno ob Paki Municipality;202
Šmartno pri Litiji Municipality;202
Sodražica Municipality;202
Solčava Municipality;202
Šoštanj Municipality;202
Središče ob Dravi;202
Starše Municipality;202
Štore Municipality;202
Straža Municipality;202
Sveta Ana Municipality;202
Sveta Trojica v Slovenskih Goricah Municipality;202
Sveti Andraž v Slovenskih Goricah Municipality;202
Sveti Jurij ob Ščavnici Municipality;202
Sveti Jurij v Slovenskih Goricah Municipality;202
Sveti Tomaž Municipality;202
Tabor Municipality;202
Tišina Municipality;202
Tolmin Municipality;202
Trbovlje Municipality;202
Trebnje Municipality;202
Trnovska Vas Municipality;202
Tržič Municipality;202
Trzin Municipality;202
Turnišče Municipality;202
Velika Polana Municipality;202
Velike Lašče Municipality;202
Veržej Municipality;202
Videm Municipality;202
Vipava Municipality;202
Vitanje Municipality;202
Vodice Municipality;202
Vojnik Municipality;202
Vransko Municipality;202
Vrhnika Municipality;202
Vuzenica Municipality;202
Zagorje ob Savi Municipality;202
Žalec Municipality;202
Zavrč Municipality;202
Železniki Municipality;202
Žetale Municipality;202
Žiri Municipality;202
Žirovnica Municipality;202
Zreče Municipality;202
Žužemberk Municipality;202
Central Province;203
Choiseul Province;203
Guadalcanal Province;203
Honiara;203
Isabel Province;203
Makira-Ulawa Province;203
Malaita Province;203
Rennell and Bellona Province;203
Temotu Province;203
Western Province;203
Awdal Region;204
Bakool;204
Banaadir;204
Bari;204
Bay;204
Galguduud;204
Gedo;204
Hiran;204
Lower Juba;204
Lower Shebelle;204
Middle Juba;204
Middle Shebelle;204
Mudug;204
Nugal;204
Sanaag Region;204
Togdheer Region;204
Eastern Cape;205
Free State;205
Gauteng;205
KwaZulu-Natal;205
Limpopo;205
Mpumalanga;205
North West;205
Northern Cape;205
Western Cape;205
Busan;207
Daegu;207
Daejeon;207
Gangwon Province;207
Gwangju;207
Gyeonggi Province;207
Incheon;207
Jeju;207
North Chungcheong Province;207
North Gyeongsang Province;207
North Jeolla Province;207
Sejong City;207
Seoul;207
South Chungcheong Province;207
South Gyeongsang Province;207
South Jeolla Province;207
Ulsan;207
Central Equatoria;208
Eastern Equatoria;208
Jonglei State;208
Lakes;208
Northern Bahr el Ghazal;208
Unity;208
Upper Nile;208
Warrap;208
Western Bahr el Ghazal;208
Western Equatoria;208
A Coruña;209
Albacete;209
Alicante;209
Almeria;209
Araba;209
Asturias;209
Ávila;209
Badajoz;209
Barcelona;209
Bizkaia;209
Burgos;209
Caceres;209
Cádiz;209
Canarias;209
Cantabria;209
Castellón;209
Ceuta;209
Ciudad Real;209
Córdoba;209
Cuenca;209
Gipuzkoa;209
Girona;209
Granada;209
Guadalajara;209
Huelva;209
Huesca;209
Islas Baleares;209
Jaén;209
La Rioja;209
Las Palmas;209
León;209
Lleida;209
Lugo;209
Madrid;209
Málaga;209
Melilla;209
Murcia;209
Navarra;209
Ourense;209
Palencia;209
Pontevedra;209
Salamanca;209
Santa Cruz de Tenerife;209
Segovia;209
Sevilla;209
Soria;209
Tarragona;209
Teruel;209
Toledo;209
Valencia;209
Valladolid;209
Zamora;209
Zaragoza;209
Ampara District;210
Anuradhapura District;210
Badulla District;210
Batticaloa District;210
Central Province;210
Colombo District;210
Eastern Province;210
Galle District;210
Gampaha District;210
Hambantota District;210
Jaffna District;210
Kalutara District;210
Kandy District;210
Kegalle District;210
Kilinochchi District;210
Mannar District;210
Matale District;210
Matara District;210
Monaragala District;210
Mullaitivu District;210
North Central Province;210
North Western Province;210
Northern Province;210
Nuwara Eliya District;210
Polonnaruwa District;210
Puttalam District;210
Ratnapura district;210
Sabaragamuwa Province;210
Southern Province;210
Trincomalee District;210
Uva Province;210
Vavuniya District;210
Western Province;210
Al Jazirah;211
Al Qadarif;211
Blue Nile;211
Central Darfur;211
East Darfur;211
Kassala;211
Khartoum;211
North Darfur;211
North Kordofan;211
Northern;211
Red Sea;211
River Nile;211
Sennar;211
South Darfur;211
South Kordofan;211
West Darfur;211
West Kordofan;211
White Nile;211
Brokopondo District;212
Commewijne District;212
Coronie District;212
Marowijne District;212
Nickerie District;212
Para District;212
Paramaribo District;212
Saramacca District;212
Sipaliwini District;212
Wanica District;212
Blekinge County;214
Dalarna County;214
Gävleborg County;214
Gotland County;214
Halland County;214
Jämtland County;214
Jönköping County;214
Kalmar County;214
Kronoberg County;214
Norrbotten County;214
Örebro County;214
Östergötland County;214
Skåne County;214
Södermanland County;214
Stockholm County;214
Uppsala County;214
Värmland County;214
Västerbotten County;214
Västernorrland County;214
Västmanland County;214
Västra Götaland County;214
Aargau;215
Appenzell Ausserrhoden;215
Appenzell Innerrhoden;215
Basel-Land;215
Basel-Stadt;215
Bern;215
Fribourg;215
Geneva;215
Glarus;215
Graubünden;215
Jura;215
Lucerne;215
Neuchâtel;215
Nidwalden;215
Obwalden;215
Schaffhausen;215
Schwyz;215
Solothurn;215
St. Gallen;215
Thurgau;215
Ticino;215
Uri;215
Valais;215
Vaud;215
Zug;215
Zürich;215
Al-Hasakah;216
Al-Raqqah;216
Aleppo;216
As-Suwayda;216
Damascus;216
Daraa;216
Deir ez-Zor;216
Hama;216
Homs;216
Idlib;216
Latakia;216
Quneitra;216
Rif Dimashq;216
Tartus;216
Changhua;217
Chiayi;217
Chiayi;217
Hsinchu;217
Hsinchu;217
Hualien;217
Kaohsiung;217
Keelung;217
Kinmen;217
Lienchiang;217
Miaoli;217
Nantou;217
New Taipei;217
Penghu;217
Pingtung;217
Taichung;217
Tainan;217
Taipei;217
Taitung;217
Taoyuan;217
Yilan;217
Yunlin;217
districts of Republican Subordination;218
Gorno-Badakhshan Autonomous Province;218
Khatlon Province;218
Sughd Province;218
Arusha;219
Dar es Salaam;219
Dodoma;219
Geita;219
Iringa;219
Kagera;219
Katavi;219
Kigoma;219
Kilimanjaro;219
Lindi;219
Manyara;219
Mara;219
Mbeya;219
Morogoro;219
Mtwara;219
Mwanza;219
Njombe;219
Pemba North;219
Pemba South;219
Pwani;219
Rukwa;219
Ruvuma;219
Shinyanga;219
Simiyu;219
Singida;219
Songwe;219
Tabora;219
Tanga;219
Zanzibar North;219
Zanzibar South;219
Zanzibar West;219
Amnat Charoen;220
Ang Thong;220
Bangkok;220
Bueng Kan;220
Buri Ram;220
Chachoengsao;220
Chai Nat;220
Chaiyaphum;220
Chanthaburi;220
Chiang Mai;220
Chiang Rai;220
Chon Buri;220
Chumphon;220
Kalasin;220
Kamphaeng Phet;220
Kanchanaburi;220
Khon Kaen;220
Krabi;220
Lampang;220
Lamphun;220
Loei;220
Lop Buri;220
Mae Hong Son;220
Maha Sarakham;220
Mukdahan;220
Nakhon Nayok;220
Nakhon Pathom;220
Nakhon Phanom;220
Nakhon Ratchasima;220
Nakhon Sawan;220
Nakhon Si Thammarat;220
Nan;220
Narathiwat;220
Nong Bua Lam Phu;220
Nong Khai;220
Nonthaburi;220
Pathum Thani;220
Pattani;220
Pattaya;220
Phangnga;220
Phatthalung;220
Phayao;220
Phetchabun;220
Phetchaburi;220
Phichit;220
Phitsanulok;220
Phra Nakhon Si Ayutthaya;220
Phrae;220
Phuket;220
Prachin Buri;220
Prachuap Khiri Khan;220
Ranong;220
Ratchaburi;220
Rayong;220
Roi Et;220
Sa Kaeo;220
Sakon Nakhon;220
Samut Prakan;220
Samut Sakhon;220
Samut Songkhram;220
Saraburi;220
Satun;220
Si Sa Ket;220
Sing Buri;220
Songkhla;220
Sukhothai;220
Suphan Buri;220
Surat Thani;220
Surin;220
Tak;220
Trang;220
Trat;220
Ubon Ratchathani;220
Udon Thani;220
Uthai Thani;220
Uttaradit;220
Yala;220
Yasothon;220
Acklins;221
Acklins and Crooked Islands;221
Berry Islands;221
Bimini;221
Black Point;221
Cat Island;221
Central Abaco;221
Central Andros;221
Central Eleuthera;221
Crooked Island;221
East Grand Bahama;221
Exuma;221
Freeport;221
Fresh Creek;221
Governor's Harbour;221
Grand Cay;221
Green Turtle Cay;221
Harbour Island;221
High Rock;221
Hope Town;221
Inagua;221
Kemps Bay;221
Long Island;221
Mangrove Cay;221
Marsh Harbour;221
Mayaguana District;221
New Providence;221
Nichollstown and Berry Islands;221
North Abaco;221
North Andros;221
North Eleuthera;221
Ragged Island;221
Rock Sound;221
Rum Cay District;221
San Salvador and Rum Cay;221
San Salvador Island;221
Sandy Point;221
South Abaco;221
South Andros;221
South Eleuthera;221
Spanish Wells;221
West Grand Bahama;221
Aileu municipality;222
Ainaro Municipality;222
Baucau Municipality;222
Bobonaro Municipality;222
Cova Lima Municipality;222
Dili municipality;222
Ermera District;222
Lautém Municipality;222
Liquiçá Municipality;222
Manatuto District;222
Manufahi Municipality;222
Viqueque Municipality;222
Centrale Region;223
Kara Region;223
Maritime;223
Plateaux Region;223
Savanes Region;223
Haʻapai;225
ʻEua;225
Niuas;225
Tongatapu;225
Vavaʻu;225
Arima;226
Chaguanas;226
Couva-Tabaquite-Talparo Regional Corporation;226
Diego Martin Regional Corporation;226
Eastern Tobago;226
Penal-Debe Regional Corporation;226
Point Fortin;226
Port of Spain;226
Princes Town Regional Corporation;226
Rio Claro-Mayaro Regional Corporation;226
San Fernando;226
San Juan-Laventille Regional Corporation;226
Sangre Grande Regional Corporation;226
Siparia Regional Corporation;226
Tunapuna-Piarco Regional Corporation;226
Western Tobago;226
Ariana;227
Béja;227
Ben Arous;227
Bizerte;227
Gabès;227
Gafsa;227
Jendouba;227
Kairouan;227
Kasserine;227
Kebili;227
Kef;227
Mahdia;227
Manouba;227
Medenine;227
Monastir;227
Nabeul;227
Sfax;227
Sidi Bouzid;227
Siliana;227
Sousse;227
Tataouine;227
Tozeur;227
Tunis;227
Zaghouan;227
Adana;228
Adıyaman;228
Afyonkarahisar;228
Ağrı;228
Aksaray;228
Amasya;228
Ankara;228
Antalya;228
Ardahan;228
Artvin;228
Aydın;228
Balıkesir;228
Bartın;228
Batman;228
Bayburt;228
Bilecik;228
Bingöl;228
Bitlis;228
Bolu;228
Burdur;228
Bursa;228
Çanakkale;228
Çankırı;228
Çorum;228
Denizli;228
Diyarbakır;228
Düzce;228
Edirne;228
Elazığ;228
Erzincan;228
Erzurum;228
Eskişehir;228
Gaziantep;228
Giresun;228
Gümüşhane;228
Hakkâri;228
Hatay;228
Iğdır;228
Isparta;228
İstanbul;228
İzmir;228
Kahramanmaraş;228
Karabük;228
Karaman;228
Kars;228
Kastamonu;228
Kayseri;228
Kilis;228
Kırıkkale;228
Kırklareli;228
Kırşehir;228
Kocaeli;228
Konya;228
Kütahya;228
Malatya;228
Manisa;228
Mardin;228
Mersin;228
Muğla;228
Muş;228
Nevşehir;228
Niğde;228
Ordu;228
Osmaniye;228
Rize;228
Sakarya;228
Samsun;228
Şanlıurfa;228
Siirt;228
Sinop;228
Sivas;228
Şırnak;228
Tekirdağ;228
Tokat;228
Trabzon;228
Tunceli;228
Uşak;228
Van;228
Yalova;228
Yozgat;228
Zonguldak;228
Ahal Region;229
Ashgabat;229
Balkan Region;229
Daşoguz Region;229
Lebap Region;229
Mary Region;229
Funafuti;231
Nanumanga;231
Nanumea;231
Niutao Island Council;231
Nui;231
Nukufetau;231
Nukulaelae;231
Vaitupu;231
Abim District;232
Adjumani District;232
Agago District;232
Alebtong District;232
Amolatar District;232
Amudat District;232
Amuria District;232
Amuru District;232
Apac District;232
Arua District;232
Budaka District;232
Bududa District;232
Bugiri District;232
Buhweju District;232
Buikwe District;232
Bukedea District;232
Bukomansimbi District;232
Bukwo District;232
Bulambuli District;232
Buliisa District;232
Bundibugyo District;232
Bunyangabu District;232
Bushenyi District;232
Busia District;232
Butaleja District;232
Butambala District;232
Butebo District;232
Buvuma District;232
Buyende District;232
Central Region;232
Dokolo District;232
Eastern Region;232
Gomba District;232
Gulu District;232
Ibanda District;232
Iganga District;232
Isingiro District;232
Jinja District;232
Kaabong District;232
Kabale District;232
Kabarole District;232
Kaberamaido District;232
Kagadi District;232
Kakumiro District;232
Kalangala District;232
Kaliro District;232
Kalungu District;232
Kampala District;232
Kamuli District;232
Kamwenge District;232
Kanungu District;232
Kapchorwa District;232
Kasese District;232
Katakwi District;232
Kayunga District;232
Kibaale District;232
Kiboga District;232
Kibuku District;232
Kiruhura District;232
Kiryandongo District;232
Kisoro District;232
Kitgum District;232
Koboko District;232
Kole District;232
Kotido District;232
Kumi District;232
Kween District;232
Kyankwanzi District;232
Kyegegwa District;232
Kyenjojo District;232
Kyotera District;232
Lamwo District;232
Lira District;232
Luuka District;232
Luwero District;232
Lwengo District;232
Lyantonde District;232
Manafwa District;232
Maracha District;232
Masaka District;232
Masindi District;232
Mayuge District;232
Mbale District;232
Mbarara District;232
Mitooma District;232
Mityana District;232
Moroto District;232
Moyo District;232
Mpigi District;232
Mubende District;232
Mukono District;232
Nakapiripirit District;232
Nakaseke District;232
Nakasongola District;232
Namayingo District;232
Namisindwa District;232
Namutumba District;232
Napak District;232
Nebbi District;232
Ngora District;232
Northern Region;232
Ntoroko District;232
Ntungamo District;232
Nwoya District;232
Omoro District;232
Otuke District;232
Oyam District;232
Pader District;232
Pakwach District;232
Pallisa District;232
Rakai District;232
Rubanda District;232
Rubirizi District;232
Rukiga District;232
Rukungiri District;232
Sembabule District;232
Serere District;232
Sheema District;232
Sironko District;232
Soroti District;232
Tororo District;232
Wakiso District;232
Western Region;232
Yumbe District;232
Zombo District;232
Autonomous Republic of Crimea;233
Cherkaska oblast;233
Chernihivska oblast;233
Chernivetska oblast;233
Dnipropetrovska oblast;233
Donetska oblast;233
Ivano-Frankivska oblast;233
Kharkivska oblast;233
Khersonska oblast;233
Khmelnytska oblast;233
Kirovohradska oblast;233
Kyiv;233
Kyivska oblast;233
Luhanska oblast;233
Lvivska oblast;233
Mykolaivska oblast;233
Odeska oblast;233
Poltavska oblast;233
Rivnenska oblast;233
Sevastopol;233
Sumska oblast;233
Ternopilska oblast;233
Vinnytska oblast;233
Volynska oblast;233
Zakarpatska Oblast;233
Zaporizka oblast;233
Zhytomyrska oblast;233
Abu Dhabi Emirate;234
Ajman Emirate;234
Dubai;234
Fujairah;234
Ras al-Khaimah;234
Sharjah Emirate;234
Umm al-Quwain;234
Aberdeen;235
Aberdeenshire;235
Angus;235
Antrim;235
Antrim and Newtownabbey;235
Ards;235
Ards and North Down;235
Argyll and Bute;235
Armagh City and District Council;235
Armagh, Banbridge and Craigavon;235
Ascension Island;235
Ballymena Borough;235
Ballymoney;235
Banbridge;235
Barnsley;235
Bath and North East Somerset;235
Bedford;235
Belfast district;235
Birmingham;235
Blackburn with Darwen;235
Blackpool;235
Blaenau Gwent County Borough;235
Bolton;235
Bournemouth;235
Bracknell Forest;235
Bradford;235
Bridgend County Borough;235
Brighton and Hove;235
Buckinghamshire;235
Bury;235
Caerphilly County Borough;235
Calderdale;235
Cambridgeshire;235
Carmarthenshire;235
Carrickfergus Borough Council;235
Castlereagh;235
Causeway Coast and Glens;235
Central Bedfordshire;235
Ceredigion;235
Cheshire East;235
Cheshire West and Chester;235
City and County of Cardiff;235
City and County of Swansea;235
City of Bristol;235
City of Derby;235
City of Kingston upon Hull;235
City of Leicester;235
City of London;235
City of Nottingham;235
City of Peterborough;235
City of Plymouth;235
City of Portsmouth;235
City of Southampton;235
City of Stoke-on-Trent;235
City of Sunderland;235
City of Westminster;235
City of Wolverhampton;235
City of York;235
Clackmannanshire;235
Coleraine Borough Council;235
Conwy County Borough;235
Cookstown District Council;235
Cornwall;235
County Durham;235
Coventry;235
Craigavon Borough Council;235
Cumbria;235
Darlington;235
Denbighshire;235
Derbyshire;235
Derry City and Strabane;235
Derry City Council;235
Devon;235
Doncaster;235
Dorset;235
Down District Council;235
Dudley;235
Dumfries and Galloway;235
Dundee;235
Dungannon and South Tyrone Borough Council;235
East Ayrshire;235
East Dunbartonshire;235
East Lothian;235
East Renfrewshire;235
East Riding of Yorkshire;235
East Sussex;235
Edinburgh;235
England;235
Essex;235
Falkirk;235
Fermanagh and Omagh;235
Fermanagh District Council;235
Fife;235
Flintshire;235
Gateshead;235
Glasgow;235
Gloucestershire;235
Gwynedd;235
Halton;235
Hampshire;235
Hartlepool;235
Herefordshire;235
Hertfordshire;235
Highland;235
Inverclyde;235
Isle of Wight;235
Isles of Scilly;235
Kent;235
Kirklees;235
Knowsley;235
Lancashire;235
Larne Borough Council;235
Leeds;235
Leicestershire;235
Limavady Borough Council;235
Lincolnshire;235
Lisburn and Castlereagh;235
Lisburn City Council;235
Liverpool;235
London Borough of Barking and Dagenham;235
London Borough of Barnet;235
London Borough of Bexley;235
London Borough of Brent;235
London Borough of Bromley;235
London Borough of Camden;235
London Borough of Croydon;235
London Borough of Ealing;235
London Borough of Enfield;235
London Borough of Hackney;235
London Borough of Hammersmith and Fulham;235
London Borough of Haringey;235
London Borough of Harrow;235
London Borough of Havering;235
London Borough of Hillingdon;235
London Borough of Hounslow;235
London Borough of Islington;235
London Borough of Lambeth;235
London Borough of Lewisham;235
London Borough of Merton;235
London Borough of Newham;235
London Borough of Redbridge;235
London Borough of Richmond upon Thames;235
London Borough of Southwark;235
London Borough of Sutton;235
London Borough of Tower Hamlets;235
London Borough of Waltham Forest;235
London Borough of Wandsworth;235
Magherafelt District Council;235
Manchester;235
Medway;235
Merthyr Tydfil County Borough;235
Metropolitan Borough of Wigan;235
Mid and East Antrim;235
Mid Ulster;235
Middlesbrough;235
Midlothian;235
Milton Keynes;235
Monmouthshire;235
Moray;235
Moyle District Council;235
Neath Port Talbot County Borough;235
Newcastle upon Tyne;235
Newport;235
Newry and Mourne District Council;235
Newry, Mourne and Down;235
Newtownabbey Borough Council;235
Norfolk;235
North Ayrshire;235
North Down Borough Council;235
North East Lincolnshire;235
North Lanarkshire;235
North Lincolnshire;235
North Somerset;235
North Tyneside;235
North Yorkshire;235
Northamptonshire;235
Northern Ireland;235
Northumberland;235
Nottinghamshire;235
Oldham;235
Omagh District Council;235
Orkney Islands;235
Outer Hebrides;235
Oxfordshire;235
Pembrokeshire;235
Perth and Kinross;235
Poole;235
Powys;235
Reading;235
Redcar and Cleveland;235
Renfrewshire;235
Rhondda Cynon Taf;235
Rochdale;235
Rotherham;235
Royal Borough of Greenwich;235
Royal Borough of Kensington and Chelsea;235
Royal Borough of Kingston upon Thames;235
Rutland;235
Saint Helena;235
Salford;235
Sandwell;235
Scotland;235
Scottish Borders;235
Sefton;235
Sheffield;235
Shetland Islands;235
Shropshire;235
Slough;235
Solihull;235
Somerset;235
South Ayrshire;235
South Gloucestershire;235
South Lanarkshire;235
South Tyneside;235
Southend-on-Sea;235
St Helens;235
Staffordshire;235
Stirling;235
Stockport;235
Stockton-on-Tees;235
Strabane District Council;235
Suffolk;235
Surrey;235
Swindon;235
Tameside;235
Telford and Wrekin;235
Thurrock;235
Torbay;235
Torfaen;235
Trafford;235
United Kingdom;235
Vale of Glamorgan;235
Wakefield;235
Wales;235
Walsall;235
Warrington;235
Warwickshire;235
West Berkshire;235
West Dunbartonshire;235
West Lothian;235
West Sussex;235
Wiltshire;235
Windsor and Maidenhead;235
Wirral;235
Wokingham;235
Worcestershire;235
Wrexham County Borough;235
Alabama;236
Alaska;236
American Samoa;236
Arizona;236
Arkansas;236
Baker Island;236
California;236
Colorado;236
Connecticut;236
Delaware;236
District of Columbia;236
Florida;236
Georgia;236
Guam;236
Hawaii;236
Howland Island;236
Idaho;236
Illinois;236
Indiana;236
Iowa;236
Jarvis Island;236
Johnston Atoll;236
Kansas;236
Kentucky;236
Kingman Reef;236
Louisiana;236
Maine;236
Maryland;236
Massachusetts;236
Michigan;236
Midway Atoll;236
Minnesota;236
Mississippi;236
Missouri;236
Montana;236
Navassa Island;236
Nebraska;236
Nevada;236
New Hampshire;236
New Jersey;236
New Mexico;236
New York;236
North Carolina;236
North Dakota;236
Northern Mariana Islands;236
Ohio;236
Oklahoma;236
Oregon;236
Palmyra Atoll;236
Pennsylvania;236
Puerto Rico;236
Rhode Island;236
South Carolina;236
South Dakota;236
Tennessee;236
Texas;236
United States Minor Outlying Islands;236
United States Virgin Islands;236
Utah;236
Vermont;236
Virginia;236
Wake Island;236
Washington;236
West Virginia;236
Wisconsin;236
Wyoming;236
Baker Island;237
Howland Island;237
Jarvis Island;237
Johnston Atoll;237
Kingman Reef;237
Midway Islands;237
Navassa Island;237
Palmyra Atoll;237
Wake Island;237
Artigas;238
Canelones;238
Cerro Largo;238
Colonia;238
Durazno;238
Flores;238
Florida;238
Lavalleja;238
Maldonado;238
Montevideo;238
Paysandú;238
Río Negro;238
Rivera;238
Rocha;238
Salto;238
San José;238
Soriano;238
Tacuarembó;238
Treinta y Tres;238
Andijan Region;239
Bukhara Region;239
Fergana Region;239
Jizzakh Region;239
Karakalpakstan;239
Namangan Region;239
Navoiy Region;239
Qashqadaryo Region;239
Samarqand Region;239
Sirdaryo Region;239
Surxondaryo Region;239
Tashkent;239
Tashkent Region;239
Xorazm Region;239
Malampa;240
Penama;240
Sanma;240
Shefa;240
Tafea;240
Torba;240
Amazonas;242
Anzoátegui;242
Apure;242
Aragua;242
Barinas;242
Bolívar;242
Carabobo;242
Cojedes;242
Delta Amacuro;242
Distrito Capital;242
Falcón;242
Federal Dependencies of Venezuela;242
Guárico;242
La Guaira;242
Lara;242
Mérida;242
Miranda;242
Monagas;242
Nueva Esparta;242
Portuguesa;242
Sucre;242
Táchira;242
Trujillo;242
Yaracuy;242
Zulia;242
An Giang;243
Bà Rịa-Vũng Tàu;243
Bắc Giang;243
Bắc Kạn;243
Bạc Liêu;243
Bắc Ninh;243
Bến Tre;243
Bình Dương;243
Bình Định;243
Bình Phước;243
Bình Thuận;243
Cà Mau;243
Cần Thơ;243
Cao Bằng;243
Đà Nẵng;243
Đắk Lắk;243
Đắk Nông;243
Điện Biên;243
Đồng Nai;243
Đồng Tháp;243
Gia Lai;243
Hà Giang;243
Hà Nam;243
Hà Nội;243
Hà Tĩnh;243
Hải Dương;243
Hải Phòng;243
Hậu Giang;243
Hồ Chí Minh;243
Hòa Bình;243
Hưng Yên;243
Khánh Hòa;243
Kiên Giang;243
Kon Tum;243
Lai Châu;243
Lâm Đồng;243
Lạng Sơn;243
Lào Cai;243
Long An;243
Nam Định;243
Nghệ An;243
Ninh Bình;243
Ninh Thuận;243
Phú Thọ;243
Phú Yên;243
Quảng Bình;243
Quảng Nam;243
Quảng Ngãi;243
Quảng Ninh;243
Quảng Trị;243
Sóc Trăng;243
Sơn La;243
Tây Ninh;243
Thái Bình;243
Thái Nguyên;243
Thanh Hóa;243
Thừa Thiên-Huế;243
Tiền Giang;243
Trà Vinh;243
Tuyên Quang;243
Vĩnh Long;243
Vĩnh Phúc;243
Yên Bái;243
Saint Croix;245
Saint John;245
Saint Thomas;245
'Adan;248
'Amran;248
Abyan;248
Al Bayda';248
Al Hudaydah;248
Al Jawf;248
Al Mahrah;248
Al Mahwit;248
Amanat Al Asimah;248
Dhamar;248
Hadhramaut;248
Hajjah;248
Ibb;248
Lahij;248
Ma'rib;248
Raymah;248
Saada;248
Sana'a;248
Shabwah;248
Socotra;248
Ta'izz;248
Central Province;249
Copperbelt Province;249
Eastern Province;249
Luapula Province;249
Lusaka Province;249
Muchinga Province;249
Northern Province;249
Northwestern Province;249
Southern Province;249
Western Province;249
Bulawayo Province;250
Harare Province;250
Manicaland;250
Mashonaland Central Province;250
Mashonaland East Province;250
Mashonaland West Province;250
Masvingo Province;250
Matabeleland North Province;250
Matabeleland South Province;250
Midlands Province;250
